order_timestamp,day,month,year,quarter,weekday,date_id
2022-01-02T00:00:00.000Z,2,1,2022,1,1,1
2022-01-03T00:00:00.000Z,3,1,2022,1,2,2
2022-01-05T00:00:00.000Z,5,1,2022,1,4,3
2022-01-06T00:00:00.000Z,6,1,2022,1,5,4
2022-01-07T00:00:00.000Z,7,1,2022,1,6,5
2022-01-08T00:00:00.000Z,8,1,2022,1,7,6
2022-01-09T00:00:00.000Z,9,1,2022,1,1,7
2022-01-10T00:00:00.000Z,10,1,2022,1,2,8
2022-01-12T00:00:00.000Z,12,1,2022,1,4,9
2022-01-13T00:00:00.000Z,13,1,2022,1,5,10
2022-01-14T00:00:00.000Z,14,1,2022,1,6,11
2022-01-16T00:00:00.000Z,16,1,2022,1,1,12
2022-01-17T00:00:00.000Z,17,1,2022,1,2,13
2022-01-19T00:00:00.000Z,19,1,2022,1,4,14
2022-01-20T00:00:00.000Z,20,1,2022,1,5,15
2022-01-22T00:00:00.000Z,22,1,2022,1,7,16
2022-01-23T00:00:00.000Z,23,1,2022,1,1,17
2022-01-24T00:00:00.000Z,24,1,2022,1,2,18
2022-01-25T00:00:00.000Z,25,1,2022,1,3,19
2022-01-26T00:00:00.000Z,26,1,2022,1,4,20
2022-01-27T00:00:00.000Z,27,1,2022,1,5,21
2022-01-28T00:00:00.000Z,28,1,2022,1,6,22
2022-01-31T00:00:00.000Z,31,1,2022,1,2,23
2022-02-01T00:00:00.000Z,1,2,2022,1,3,24
2022-02-02T00:00:00.000Z,2,2,2022,1,4,25
2022-02-03T00:00:00.000Z,3,2,2022,1,5,26
2022-02-04T00:00:00.000Z,4,2,2022,1,6,27
2022-02-07T00:00:00.000Z,7,2,2022,1,2,28
2022-02-08T00:00:00.000Z,8,2,2022,1,3,29
2022-02-10T00:00:00.000Z,10,2,2022,1,5,30
2022-02-11T00:00:00.000Z,11,2,2022,1,6,31
2022-02-12T00:00:00.000Z,12,2,2022,1,7,32
2022-02-13T00:00:00.000Z,13,2,2022,1,1,33
2022-02-15T00:00:00.000Z,15,2,2022,1,3,34
2022-02-16T00:00:00.000Z,16,2,2022,1,4,35
2022-02-17T00:00:00.000Z,17,2,2022,1,5,36
2022-02-18T00:00:00.000Z,18,2,2022,1,6,37
2022-02-21T00:00:00.000Z,21,2,2022,1,2,38
2022-02-23T00:00:00.000Z,23,2,2022,1,4,39
2022-02-24T00:00:00.000Z,24,2,2022,1,5,40
2022-02-25T00:00:00.000Z,25,2,2022,1,6,41
2022-02-26T00:00:00.000Z,26,2,2022,1,7,42
2022-02-28T00:00:00.000Z,28,2,2022,1,2,43
2022-03-01T00:00:00.000Z,1,3,2022,1,3,44
2022-03-03T00:00:00.000Z,3,3,2022,1,5,45
2022-03-04T00:00:00.000Z,4,3,2022,1,6,46
2022-03-05T00:00:00.000Z,5,3,2022,1,7,47
2022-03-06T00:00:00.000Z,6,3,2022,1,1,48
2022-03-10T00:00:00.000Z,10,3,2022,1,5,49
2022-03-12T00:00:00.000Z,12,3,2022,1,7,50
2022-03-13T00:00:00.000Z,13,3,2022,1,1,51
2022-03-14T00:00:00.000Z,14,3,2022,1,2,52
2022-03-15T00:00:00.000Z,15,3,2022,1,3,53
2022-03-17T00:00:00.000Z,17,3,2022,1,5,54
2022-03-18T00:00:00.000Z,18,3,2022,1,6,55
2022-03-19T00:00:00.000Z,19,3,2022,1,7,56
2022-03-22T00:00:00.000Z,22,3,2022,1,3,57
2022-03-23T00:00:00.000Z,23,3,2022,1,4,58
2022-03-24T00:00:00.000Z,24,3,2022,1,5,59
2022-03-25T00:00:00.000Z,25,3,2022,1,6,60
2022-03-26T00:00:00.000Z,26,3,2022,1,7,61
2022-03-27T00:00:00.000Z,27,3,2022,1,1,62
2022-03-28T00:00:00.000Z,28,3,2022,1,2,63
2022-03-29T00:00:00.000Z,29,3,2022,1,3,64
2022-03-30T00:00:00.000Z,30,3,2022,1,4,65
2022-04-01T00:00:00.000Z,1,4,2022,2,6,66
2022-04-02T00:00:00.000Z,2,4,2022,2,7,67
2022-04-03T00:00:00.000Z,3,4,2022,2,1,68
2022-04-04T00:00:00.000Z,4,4,2022,2,2,69
2022-04-06T00:00:00.000Z,6,4,2022,2,4,70
2022-04-07T00:00:00.000Z,7,4,2022,2,5,71
2022-04-09T00:00:00.000Z,9,4,2022,2,7,72
2022-04-12T00:00:00.000Z,12,4,2022,2,3,73
2022-04-13T00:00:00.000Z,13,4,2022,2,4,74
2022-04-14T00:00:00.000Z,14,4,2022,2,5,75
2022-04-17T00:00:00.000Z,17,4,2022,2,1,76
2022-04-18T00:00:00.000Z,18,4,2022,2,2,77
2022-04-19T00:00:00.000Z,19,4,2022,2,3,78
2022-04-20T00:00:00.000Z,20,4,2022,2,4,79
2022-04-21T00:00:00.000Z,21,4,2022,2,5,80
2022-04-23T00:00:00.000Z,23,4,2022,2,7,81
2022-04-26T00:00:00.000Z,26,4,2022,2,3,82
2022-04-28T00:00:00.000Z,28,4,2022,2,5,83
2022-04-29T00:00:00.000Z,29,4,2022,2,6,84
2022-04-30T00:00:00.000Z,30,4,2022,2,7,85
2022-05-02T00:00:00.000Z,2,5,2022,2,2,86
2022-05-04T00:00:00.000Z,4,5,2022,2,4,87
2022-05-05T00:00:00.000Z,5,5,2022,2,5,88
2022-05-08T00:00:00.000Z,8,5,2022,2,1,89
2022-05-09T00:00:00.000Z,9,5,2022,2,2,90
2022-05-11T00:00:00.000Z,11,5,2022,2,4,91
2022-05-12T00:00:00.000Z,12,5,2022,2,5,92
2022-05-13T00:00:00.000Z,13,5,2022,2,6,93
2022-05-15T00:00:00.000Z,15,5,2022,2,1,94
2022-05-16T00:00:00.000Z,16,5,2022,2,2,95
2022-05-17T00:00:00.000Z,17,5,2022,2,3,96
2022-05-18T00:00:00.000Z,18,5,2022,2,4,97
2022-05-19T00:00:00.000Z,19,5,2022,2,5,98
2022-05-22T00:00:00.000Z,22,5,2022,2,1,99
2022-05-24T00:00:00.000Z,24,5,2022,2,3,100
2022-05-25T00:00:00.000Z,25,5,2022,2,4,101
2022-05-26T00:00:00.000Z,26,5,2022,2,5,102
2022-05-27T00:00:00.000Z,27,5,2022,2,6,103
2022-05-28T00:00:00.000Z,28,5,2022,2,7,104
2022-05-30T00:00:00.000Z,30,5,2022,2,2,105
2022-05-31T00:00:00.000Z,31,5,2022,2,3,106
2022-06-01T00:00:00.000Z,1,6,2022,2,4,107
2022-06-02T00:00:00.000Z,2,6,2022,2,5,108
2022-06-03T00:00:00.000Z,3,6,2022,2,6,109
2022-06-04T00:00:00.000Z,4,6,2022,2,7,110
2022-06-06T00:00:00.000Z,6,6,2022,2,2,111
2022-06-09T00:00:00.000Z,9,6,2022,2,5,112
2022-06-11T00:00:00.000Z,11,6,2022,2,7,113
2022-06-13T00:00:00.000Z,13,6,2022,2,2,114
2022-06-15T00:00:00.000Z,15,6,2022,2,4,115
2022-06-17T00:00:00.000Z,17,6,2022,2,6,116
2022-06-18T00:00:00.000Z,18,6,2022,2,7,117
2022-06-19T00:00:00.000Z,19,6,2022,2,1,118
2022-06-20T00:00:00.000Z,20,6,2022,2,2,119
2022-06-21T00:00:00.000Z,21,6,2022,2,3,120
2022-06-22T00:00:00.000Z,22,6,2022,2,4,121
2022-06-23T00:00:00.000Z,23,6,2022,2,5,122
2022-06-25T00:00:00.000Z,25,6,2022,2,7,123
2022-06-28T00:00:00.000Z,28,6,2022,2,3,124
2022-06-29T00:00:00.000Z,29,6,2022,2,4,125
2022-06-30T00:00:00.000Z,30,6,2022,2,5,126
2022-07-01T00:00:00.000Z,1,7,2022,3,6,127
2022-07-02T00:00:00.000Z,2,7,2022,3,7,128
2022-07-04T00:00:00.000Z,4,7,2022,3,2,129
2022-07-05T00:00:00.000Z,5,7,2022,3,3,130
2022-07-08T00:00:00.000Z,8,7,2022,3,6,131
2022-07-11T00:00:00.000Z,11,7,2022,3,2,132
2022-07-12T00:00:00.000Z,12,7,2022,3,3,133
2022-07-13T00:00:00.000Z,13,7,2022,3,4,134
2022-07-14T00:00:00.000Z,14,7,2022,3,5,135
2022-07-15T00:00:00.000Z,15,7,2022,3,6,136
2022-07-16T00:00:00.000Z,16,7,2022,3,7,137
2022-07-17T00:00:00.000Z,17,7,2022,3,1,138
2022-07-18T00:00:00.000Z,18,7,2022,3,2,139
2022-07-20T00:00:00.000Z,20,7,2022,3,4,140
2022-07-21T00:00:00.000Z,21,7,2022,3,5,141
2022-07-23T00:00:00.000Z,23,7,2022,3,7,142
2022-07-25T00:00:00.000Z,25,7,2022,3,2,143
2022-07-26T00:00:00.000Z,26,7,2022,3,3,144
2022-07-27T00:00:00.000Z,27,7,2022,3,4,145
2022-07-31T00:00:00.000Z,31,7,2022,3,1,146
2022-08-01T00:00:00.000Z,1,8,2022,3,2,147
2022-08-03T00:00:00.000Z,3,8,2022,3,4,148
2022-08-04T00:00:00.000Z,4,8,2022,3,5,149
2022-08-05T00:00:00.000Z,5,8,2022,3,6,150
2022-08-06T00:00:00.000Z,6,8,2022,3,7,151
2022-08-07T00:00:00.000Z,7,8,2022,3,1,152
2022-08-08T00:00:00.000Z,8,8,2022,3,2,153
2022-08-12T00:00:00.000Z,12,8,2022,3,6,154
2022-08-13T00:00:00.000Z,13,8,2022,3,7,155
2022-08-14T00:00:00.000Z,14,8,2022,3,1,156
2022-08-15T00:00:00.000Z,15,8,2022,3,2,157
2022-08-18T00:00:00.000Z,18,8,2022,3,5,158
2022-08-19T00:00:00.000Z,19,8,2022,3,6,159
2022-08-20T00:00:00.000Z,20,8,2022,3,7,160
2022-08-21T00:00:00.000Z,21,8,2022,3,1,161
2022-08-23T00:00:00.000Z,23,8,2022,3,3,162
2022-08-24T00:00:00.000Z,24,8,2022,3,4,163
2022-08-25T00:00:00.000Z,25,8,2022,3,5,164
2022-08-26T00:00:00.000Z,26,8,2022,3,6,165
2022-08-27T00:00:00.000Z,27,8,2022,3,7,166
2022-08-28T00:00:00.000Z,28,8,2022,3,1,167
2022-08-30T00:00:00.000Z,30,8,2022,3,3,168
2022-08-31T00:00:00.000Z,31,8,2022,3,4,169
2022-09-01T00:00:00.000Z,1,9,2022,3,5,170
2022-09-03T00:00:00.000Z,3,9,2022,3,7,171
2022-09-05T00:00:00.000Z,5,9,2022,3,2,172
2022-09-07T00:00:00.000Z,7,9,2022,3,4,173
2022-09-08T00:00:00.000Z,8,9,2022,3,5,174
2022-09-09T00:00:00.000Z,9,9,2022,3,6,175
2022-09-10T00:00:00.000Z,10,9,2022,3,7,176
2022-09-11T00:00:00.000Z,11,9,2022,3,1,177
2022-09-13T00:00:00.000Z,13,9,2022,3,3,178
2022-09-16T00:00:00.000Z,16,9,2022,3,6,179
2022-09-18T00:00:00.000Z,18,9,2022,3,1,180
2022-09-19T00:00:00.000Z,19,9,2022,3,2,181
2022-09-22T00:00:00.000Z,22,9,2022,3,5,182
2022-09-23T00:00:00.000Z,23,9,2022,3,6,183
2022-09-25T00:00:00.000Z,25,9,2022,3,1,184
2022-09-30T00:00:00.000Z,30,9,2022,3,6,185
2022-10-01T00:00:00.000Z,1,10,2022,4,7,186
2022-10-02T00:00:00.000Z,2,10,2022,4,1,187
2022-10-03T00:00:00.000Z,3,10,2022,4,2,188
2022-10-05T00:00:00.000Z,5,10,2022,4,4,189
2022-10-06T00:00:00.000Z,6,10,2022,4,5,190
2022-10-07T00:00:00.000Z,7,10,2022,4,6,191
2022-10-09T00:00:00.000Z,9,10,2022,4,1,192
2022-10-10T00:00:00.000Z,10,10,2022,4,2,193
2022-10-11T00:00:00.000Z,11,10,2022,4,3,194
2022-10-13T00:00:00.000Z,13,10,2022,4,5,195
2022-10-14T00:00:00.000Z,14,10,2022,4,6,196
2022-10-16T00:00:00.000Z,16,10,2022,4,1,197
2022-10-17T00:00:00.000Z,17,10,2022,4,2,198
2022-10-18T00:00:00.000Z,18,10,2022,4,3,199
2022-10-19T00:00:00.000Z,19,10,2022,4,4,200
2022-10-20T00:00:00.000Z,20,10,2022,4,5,201
2022-10-21T00:00:00.000Z,21,10,2022,4,6,202
2022-10-23T00:00:00.000Z,23,10,2022,4,1,203
2022-10-24T00:00:00.000Z,24,10,2022,4,2,204
2022-10-26T00:00:00.000Z,26,10,2022,4,4,205
2022-10-27T00:00:00.000Z,27,10,2022,4,5,206
2022-10-28T00:00:00.000Z,28,10,2022,4,6,207
2022-10-29T00:00:00.000Z,29,10,2022,4,7,208
2022-10-30T00:00:00.000Z,30,10,2022,4,1,209
2022-10-31T00:00:00.000Z,31,10,2022,4,2,210
2022-11-01T00:00:00.000Z,1,11,2022,4,3,211
2022-11-03T00:00:00.000Z,3,11,2022,4,5,212
2022-11-04T00:00:00.000Z,4,11,2022,4,6,213
2022-11-05T00:00:00.000Z,5,11,2022,4,7,214
2022-11-06T00:00:00.000Z,6,11,2022,4,1,215
2022-11-07T00:00:00.000Z,7,11,2022,4,2,216
2022-11-10T00:00:00.000Z,10,11,2022,4,5,217
2022-11-11T00:00:00.000Z,11,11,2022,4,6,218
2022-11-13T00:00:00.000Z,13,11,2022,4,1,219
2022-11-14T00:00:00.000Z,14,11,2022,4,2,220
2022-11-15T00:00:00.000Z,15,11,2022,4,3,221
2022-11-16T00:00:00.000Z,16,11,2022,4,4,222
2022-11-18T00:00:00.000Z,18,11,2022,4,6,223
2022-11-19T00:00:00.000Z,19,11,2022,4,7,224
2022-11-20T00:00:00.000Z,20,11,2022,4,1,225
2022-11-21T00:00:00.000Z,21,11,2022,4,2,226
2022-11-22T00:00:00.000Z,22,11,2022,4,3,227
2022-11-23T00:00:00.000Z,23,11,2022,4,4,228
2022-11-24T00:00:00.000Z,24,11,2022,4,5,229
2022-11-27T00:00:00.000Z,27,11,2022,4,1,230
2022-11-30T00:00:00.000Z,30,11,2022,4,4,231
2022-12-01T00:00:00.000Z,1,12,2022,4,5,232
2022-12-03T00:00:00.000Z,3,12,2022,4,7,233
2022-12-05T00:00:00.000Z,5,12,2022,4,2,234
2022-12-06T00:00:00.000Z,6,12,2022,4,3,235
2022-12-08T00:00:00.000Z,8,12,2022,4,5,236
2022-12-09T00:00:00.000Z,9,12,2022,4,6,237
2022-12-10T00:00:00.000Z,10,12,2022,4,7,238
2022-12-11T00:00:00.000Z,11,12,2022,4,1,239
2022-12-12T00:00:00.000Z,12,12,2022,4,2,240
2022-12-14T00:00:00.000Z,14,12,2022,4,4,241
2022-12-16T00:00:00.000Z,16,12,2022,4,6,242
2022-12-17T00:00:00.000Z,17,12,2022,4,7,243
2022-12-18T00:00:00.000Z,18,12,2022,4,1,244
2022-12-19T00:00:00.000Z,19,12,2022,4,2,245
2022-12-20T00:00:00.000Z,20,12,2022,4,3,246
2022-12-21T00:00:00.000Z,21,12,2022,4,4,247
2022-12-23T00:00:00.000Z,23,12,2022,4,6,248
2022-12-24T00:00:00.000Z,24,12,2022,4,7,249
2022-12-25T00:00:00.000Z,25,12,2022,4,1,250
2022-12-26T00:00:00.000Z,26,12,2022,4,2,251
2022-12-27T00:00:00.000Z,27,12,2022,4,3,252
2022-12-29T00:00:00.000Z,29,12,2022,4,5,253
2022-12-30T00:00:00.000Z,30,12,2022,4,6,254
2023-01-02T00:00:00.000Z,2,1,2023,1,2,255
2023-01-05T00:00:00.000Z,5,1,2023,1,5,256
2023-01-06T00:00:00.000Z,6,1,2023,1,6,257
2023-01-08T00:00:00.000Z,8,1,2023,1,1,258
2023-01-09T00:00:00.000Z,9,1,2023,1,2,259
2023-01-10T00:00:00.000Z,10,1,2023,1,3,260
2023-01-13T00:00:00.000Z,13,1,2023,1,6,261
2023-01-14T00:00:00.000Z,14,1,2023,1,7,262
2023-01-16T00:00:00.000Z,16,1,2023,1,2,263
2023-01-17T00:00:00.000Z,17,1,2023,1,3,264
2023-01-18T00:00:00.000Z,18,1,2023,1,4,265
2023-01-19T00:00:00.000Z,19,1,2023,1,5,266
2023-01-20T00:00:00.000Z,20,1,2023,1,6,267
2023-01-21T00:00:00.000Z,21,1,2023,1,7,268
2023-01-22T00:00:00.000Z,22,1,2023,1,1,269
2023-01-23T00:00:00.000Z,23,1,2023,1,2,270
2023-01-24T00:00:00.000Z,24,1,2023,1,3,271
2023-01-25T00:00:00.000Z,25,1,2023,1,4,272
2023-01-26T00:00:00.000Z,26,1,2023,1,5,273
2023-01-28T00:00:00.000Z,28,1,2023,1,7,274
2023-01-29T00:00:00.000Z,29,1,2023,1,1,275
2023-01-30T00:00:00.000Z,30,1,2023,1,2,276
2023-02-01T00:00:00.000Z,1,2,2023,1,4,277
2023-02-02T00:00:00.000Z,2,2,2023,1,5,278
2023-02-03T00:00:00.000Z,3,2,2023,1,6,279
2023-02-04T00:00:00.000Z,4,2,2023,1,7,280
2023-02-05T00:00:00.000Z,5,2,2023,1,1,281
2023-02-06T00:00:00.000Z,6,2,2023,1,2,282
2023-02-07T00:00:00.000Z,7,2,2023,1,3,283
2023-02-08T00:00:00.000Z,8,2,2023,1,4,284
2023-02-09T00:00:00.000Z,9,2,2023,1,5,285
2023-02-10T00:00:00.000Z,10,2,2023,1,6,286
2023-02-11T00:00:00.000Z,11,2,2023,1,7,287
2023-02-12T00:00:00.000Z,12,2,2023,1,1,288
2023-02-13T00:00:00.000Z,13,2,2023,1,2,289
2023-02-15T00:00:00.000Z,15,2,2023,1,4,290
2023-02-16T00:00:00.000Z,16,2,2023,1,5,291
2023-02-17T00:00:00.000Z,17,2,2023,1,6,292
2023-02-19T00:00:00.000Z,19,2,2023,1,1,293
2023-02-20T00:00:00.000Z,20,2,2023,1,2,294
2023-02-21T00:00:00.000Z,21,2,2023,1,3,295
2023-02-22T00:00:00.000Z,22,2,2023,1,4,296
2023-02-23T00:00:00.000Z,23,2,2023,1,5,297
2023-02-25T00:00:00.000Z,25,2,2023,1,7,298
2023-02-26T00:00:00.000Z,26,2,2023,1,1,299
2023-02-27T00:00:00.000Z,27,2,2023,1,2,300
2023-02-28T00:00:00.000Z,28,2,2023,1,3,301
2023-03-02T00:00:00.000Z,2,3,2023,1,5,302
2023-03-03T00:00:00.000Z,3,3,2023,1,6,303
2023-03-07T00:00:00.000Z,7,3,2023,1,3,304
2023-03-09T00:00:00.000Z,9,3,2023,1,5,305
2023-03-10T00:00:00.000Z,10,3,2023,1,6,306
2023-03-11T00:00:00.000Z,11,3,2023,1,7,307
2023-03-12T00:00:00.000Z,12,3,2023,1,1,308
2023-03-13T00:00:00.000Z,13,3,2023,1,2,309
2023-03-14T00:00:00.000Z,14,3,2023,1,3,310
2023-03-15T00:00:00.000Z,15,3,2023,1,4,311
2023-03-16T00:00:00.000Z,16,3,2023,1,5,312
2023-03-17T00:00:00.000Z,17,3,2023,1,6,313
2023-03-18T00:00:00.000Z,18,3,2023,1,7,314
2023-03-19T00:00:00.000Z,19,3,2023,1,1,315
2023-03-22T00:00:00.000Z,22,3,2023,1,4,316
2023-03-24T00:00:00.000Z,24,3,2023,1,6,317
2023-03-26T00:00:00.000Z,26,3,2023,1,1,318
2023-03-27T00:00:00.000Z,27,3,2023,1,2,319
2023-03-29T00:00:00.000Z,29,3,2023,1,4,320
2023-03-31T00:00:00.000Z,31,3,2023,1,6,321
2023-04-01T00:00:00.000Z,1,4,2023,2,7,322
2023-04-02T00:00:00.000Z,2,4,2023,2,1,323
2023-04-03T00:00:00.000Z,3,4,2023,2,2,324
2023-04-04T00:00:00.000Z,4,4,2023,2,3,325
2023-04-05T00:00:00.000Z,5,4,2023,2,4,326
2023-04-06T00:00:00.000Z,6,4,2023,2,5,327
2023-04-07T00:00:00.000Z,7,4,2023,2,6,328
2023-04-08T00:00:00.000Z,8,4,2023,2,7,329
2023-04-11T00:00:00.000Z,11,4,2023,2,3,330
2023-04-13T00:00:00.000Z,13,4,2023,2,5,331
2023-04-15T00:00:00.000Z,15,4,2023,2,7,332
2023-04-16T00:00:00.000Z,16,4,2023,2,1,333
2023-04-17T00:00:00.000Z,17,4,2023,2,2,334
2023-04-18T00:00:00.000Z,18,4,2023,2,3,335
2023-04-19T00:00:00.000Z,19,4,2023,2,4,336
2023-04-21T00:00:00.000Z,21,4,2023,2,6,337
2023-04-22T00:00:00.000Z,22,4,2023,2,7,338
2023-04-24T00:00:00.000Z,24,4,2023,2,2,339
2023-04-26T00:00:00.000Z,26,4,2023,2,4,340
2023-04-27T00:00:00.000Z,27,4,2023,2,5,341
2023-04-28T00:00:00.000Z,28,4,2023,2,6,342
2023-04-29T00:00:00.000Z,29,4,2023,2,7,343
2023-04-30T00:00:00.000Z,30,4,2023,2,1,344
2023-05-01T00:00:00.000Z,1,5,2023,2,2,345
2023-05-02T00:00:00.000Z,2,5,2023,2,3,346
2023-05-03T00:00:00.000Z,3,5,2023,2,4,347
2023-05-04T00:00:00.000Z,4,5,2023,2,5,348
2023-05-05T00:00:00.000Z,5,5,2023,2,6,349
2023-05-06T00:00:00.000Z,6,5,2023,2,7,350
2023-05-07T00:00:00.000Z,7,5,2023,2,1,351
2023-05-09T00:00:00.000Z,9,5,2023,2,3,352
2023-05-10T00:00:00.000Z,10,5,2023,2,4,353
2023-05-11T00:00:00.000Z,11,5,2023,2,5,354
2023-05-13T00:00:00.000Z,13,5,2023,2,7,355
2023-05-14T00:00:00.000Z,14,5,2023,2,1,356
2023-05-15T00:00:00.000Z,15,5,2023,2,2,357
2023-05-17T00:00:00.000Z,17,5,2023,2,4,358
2023-05-18T00:00:00.000Z,18,5,2023,2,5,359
2023-05-20T00:00:00.000Z,20,5,2023,2,7,360
2023-05-21T00:00:00.000Z,21,5,2023,2,1,361
2023-05-22T00:00:00.000Z,22,5,2023,2,2,362
2023-05-23T00:00:00.000Z,23,5,2023,2,3,363
2023-05-24T00:00:00.000Z,24,5,2023,2,4,364
2023-05-25T00:00:00.000Z,25,5,2023,2,5,365
2023-05-27T00:00:00.000Z,27,5,2023,2,7,366
2023-05-28T00:00:00.000Z,28,5,2023,2,1,367
2023-05-30T00:00:00.000Z,30,5,2023,2,3,368
2023-05-31T00:00:00.000Z,31,5,2023,2,4,369
2023-06-01T00:00:00.000Z,1,6,2023,2,5,370
2023-06-03T00:00:00.000Z,3,6,2023,2,7,371
2023-06-04T00:00:00.000Z,4,6,2023,2,1,372
2023-06-05T00:00:00.000Z,5,6,2023,2,2,373
2023-06-06T00:00:00.000Z,6,6,2023,2,3,374
2023-06-07T00:00:00.000Z,7,6,2023,2,4,375
2023-06-08T00:00:00.000Z,8,6,2023,2,5,376
2023-06-09T00:00:00.000Z,9,6,2023,2,6,377
2023-06-10T00:00:00.000Z,10,6,2023,2,7,378
2023-06-11T00:00:00.000Z,11,6,2023,2,1,379
2023-06-12T00:00:00.000Z,12,6,2023,2,2,380
2023-06-13T00:00:00.000Z,13,6,2023,2,3,381
2023-06-14T00:00:00.000Z,14,6,2023,2,4,382
2023-06-15T00:00:00.000Z,15,6,2023,2,5,383
2023-06-18T00:00:00.000Z,18,6,2023,2,1,384
2023-06-19T00:00:00.000Z,19,6,2023,2,2,385
2023-06-20T00:00:00.000Z,20,6,2023,2,3,386
2023-06-23T00:00:00.000Z,23,6,2023,2,6,387
2023-06-24T00:00:00.000Z,24,6,2023,2,7,388
2023-06-25T00:00:00.000Z,25,6,2023,2,1,389
2023-06-26T00:00:00.000Z,26,6,2023,2,2,390
2023-06-27T00:00:00.000Z,27,6,2023,2,3,391
2023-06-28T00:00:00.000Z,28,6,2023,2,4,392
2023-07-01T00:00:00.000Z,1,7,2023,3,7,393
2023-07-04T00:00:00.000Z,4,7,2023,3,3,394
2023-07-06T00:00:00.000Z,6,7,2023,3,5,395
2023-07-07T00:00:00.000Z,7,7,2023,3,6,396
2023-07-08T00:00:00.000Z,8,7,2023,3,7,397
2023-07-09T00:00:00.000Z,9,7,2023,3,1,398
2023-07-12T00:00:00.000Z,12,7,2023,3,4,399
2023-07-14T00:00:00.000Z,14,7,2023,3,6,400
2023-07-15T00:00:00.000Z,15,7,2023,3,7,401
2023-07-16T00:00:00.000Z,16,7,2023,3,1,402
2023-07-17T00:00:00.000Z,17,7,2023,3,2,403
2023-07-20T00:00:00.000Z,20,7,2023,3,5,404
2023-07-21T00:00:00.000Z,21,7,2023,3,6,405
2023-07-23T00:00:00.000Z,23,7,2023,3,1,406
2023-07-25T00:00:00.000Z,25,7,2023,3,3,407
2023-07-27T00:00:00.000Z,27,7,2023,3,5,408
2023-07-28T00:00:00.000Z,28,7,2023,3,6,409
2023-08-01T00:00:00.000Z,1,8,2023,3,3,410
2023-08-03T00:00:00.000Z,3,8,2023,3,5,411
2023-08-05T00:00:00.000Z,5,8,2023,3,7,412
2023-08-06T00:00:00.000Z,6,8,2023,3,1,413
2023-08-07T00:00:00.000Z,7,8,2023,3,2,414
2023-08-10T00:00:00.000Z,10,8,2023,3,5,415
2023-08-13T00:00:00.000Z,13,8,2023,3,1,416
2023-08-14T00:00:00.000Z,14,8,2023,3,2,417
2023-08-15T00:00:00.000Z,15,8,2023,3,3,418
2023-08-16T00:00:00.000Z,16,8,2023,3,4,419
2023-08-20T00:00:00.000Z,20,8,2023,3,1,420
2023-08-21T00:00:00.000Z,21,8,2023,3,2,421
2023-08-22T00:00:00.000Z,22,8,2023,3,3,422
2023-08-25T00:00:00.000Z,25,8,2023,3,6,423
2023-08-27T00:00:00.000Z,27,8,2023,3,1,424
2023-08-28T00:00:00.000Z,28,8,2023,3,2,425
2023-08-30T00:00:00.000Z,30,8,2023,3,4,426
2023-08-31T00:00:00.000Z,31,8,2023,3,5,427
2023-09-01T00:00:00.000Z,1,9,2023,3,6,428
2023-09-02T00:00:00.000Z,2,9,2023,3,7,429
2023-09-03T00:00:00.000Z,3,9,2023,3,1,430
2023-09-05T00:00:00.000Z,5,9,2023,3,3,431
2023-09-07T00:00:00.000Z,7,9,2023,3,5,432
2023-09-08T00:00:00.000Z,8,9,2023,3,6,433
2023-09-09T00:00:00.000Z,9,9,2023,3,7,434
2023-09-11T00:00:00.000Z,11,9,2023,3,2,435
2023-09-12T00:00:00.000Z,12,9,2023,3,3,436
2023-09-13T00:00:00.000Z,13,9,2023,3,4,437
2023-09-14T00:00:00.000Z,14,9,2023,3,5,438
2023-09-17T00:00:00.000Z,17,9,2023,3,1,439
2023-09-18T00:00:00.000Z,18,9,2023,3,2,440
2023-09-19T00:00:00.000Z,19,9,2023,3,3,441
2023-09-22T00:00:00.000Z,22,9,2023,3,6,442
2023-09-23T00:00:00.000Z,23,9,2023,3,7,443
2023-09-26T00:00:00.000Z,26,9,2023,3,3,444
2023-09-27T00:00:00.000Z,27,9,2023,3,4,445
2023-09-29T00:00:00.000Z,29,9,2023,3,6,446
2023-09-30T00:00:00.000Z,30,9,2023,3,7,447
2023-10-01T00:00:00.000Z,1,10,2023,4,1,448
2023-10-03T00:00:00.000Z,3,10,2023,4,3,449
2023-10-04T00:00:00.000Z,4,10,2023,4,4,450
2023-10-05T00:00:00.000Z,5,10,2023,4,5,451
2023-10-06T00:00:00.000Z,6,10,2023,4,6,452
2023-10-09T00:00:00.000Z,9,10,2023,4,2,453
2023-10-10T00:00:00.000Z,10,10,2023,4,3,454
2023-10-12T00:00:00.000Z,12,10,2023,4,5,455
2023-10-13T00:00:00.000Z,13,10,2023,4,6,456
2023-10-14T00:00:00.000Z,14,10,2023,4,7,457
2023-10-15T00:00:00.000Z,15,10,2023,4,1,458
2023-10-16T00:00:00.000Z,16,10,2023,4,2,459
2023-10-18T00:00:00.000Z,18,10,2023,4,4,460
2023-10-19T00:00:00.000Z,19,10,2023,4,5,461
2023-10-20T00:00:00.000Z,20,10,2023,4,6,462
2023-10-23T00:00:00.000Z,23,10,2023,4,2,463
2023-10-26T00:00:00.000Z,26,10,2023,4,5,464
2023-10-27T00:00:00.000Z,27,10,2023,4,6,465
2023-10-28T00:00:00.000Z,28,10,2023,4,7,466
2023-10-30T00:00:00.000Z,30,10,2023,4,2,467
2023-10-31T00:00:00.000Z,31,10,2023,4,3,468
2023-11-01T00:00:00.000Z,1,11,2023,4,4,469
2023-11-02T00:00:00.000Z,2,11,2023,4,5,470
2023-11-04T00:00:00.000Z,4,11,2023,4,7,471
2023-11-05T00:00:00.000Z,5,11,2023,4,1,472
2023-11-06T00:00:00.000Z,6,11,2023,4,2,473
2023-11-07T00:00:00.000Z,7,11,2023,4,3,474
2023-11-08T00:00:00.000Z,8,11,2023,4,4,475
2023-11-09T00:00:00.000Z,9,11,2023,4,5,476
2023-11-10T00:00:00.000Z,10,11,2023,4,6,477
2023-11-13T00:00:00.000Z,13,11,2023,4,2,478
2023-11-14T00:00:00.000Z,14,11,2023,4,3,479
2023-11-15T00:00:00.000Z,15,11,2023,4,4,480
2023-11-16T00:00:00.000Z,16,11,2023,4,5,481
2023-11-19T00:00:00.000Z,19,11,2023,4,1,482
2023-11-20T00:00:00.000Z,20,11,2023,4,2,483
2023-11-21T00:00:00.000Z,21,11,2023,4,3,484
2023-11-22T00:00:00.000Z,22,11,2023,4,4,485
2023-11-23T00:00:00.000Z,23,11,2023,4,5,486
2023-11-25T00:00:00.000Z,25,11,2023,4,7,487
2023-11-27T00:00:00.000Z,27,11,2023,4,2,488
2023-12-01T00:00:00.000Z,1,12,2023,4,6,489
2023-12-02T00:00:00.000Z,2,12,2023,4,7,490
2023-12-03T00:00:00.000Z,3,12,2023,4,1,491
2023-12-04T00:00:00.000Z,4,12,2023,4,2,492
2023-12-07T00:00:00.000Z,7,12,2023,4,5,493
2023-12-08T00:00:00.000Z,8,12,2023,4,6,494
2023-12-09T00:00:00.000Z,9,12,2023,4,7,495
2023-12-10T00:00:00.000Z,10,12,2023,4,1,496
2023-12-11T00:00:00.000Z,11,12,2023,4,2,497
2023-12-12T00:00:00.000Z,12,12,2023,4,3,498
2023-12-13T00:00:00.000Z,13,12,2023,4,4,499
2023-12-14T00:00:00.000Z,14,12,2023,4,5,500
2023-12-15T00:00:00.000Z,15,12,2023,4,6,501
2023-12-16T00:00:00.000Z,16,12,2023,4,7,502
2023-12-17T00:00:00.000Z,17,12,2023,4,1,503
2023-12-18T00:00:00.000Z,18,12,2023,4,2,504
2023-12-19T00:00:00.000Z,19,12,2023,4,3,505
2023-12-22T00:00:00.000Z,22,12,2023,4,6,506
2023-12-23T00:00:00.000Z,23,12,2023,4,7,507
2023-12-26T00:00:00.000Z,26,12,2023,4,3,508
2023-12-28T00:00:00.000Z,28,12,2023,4,5,509
2023-12-29T00:00:00.000Z,29,12,2023,4,6,510
2023-12-30T00:00:00.000Z,30,12,2023,4,7,511
2023-12-31T00:00:00.000Z,31,12,2023,4,1,512
2024-01-01T00:00:00.000Z,1,1,2024,1,2,513
2024-01-02T00:00:00.000Z,2,1,2024,1,3,514
2024-01-03T00:00:00.000Z,3,1,2024,1,4,515
2024-01-05T00:00:00.000Z,5,1,2024,1,6,516
2024-01-07T00:00:00.000Z,7,1,2024,1,1,517
2024-01-08T00:00:00.000Z,8,1,2024,1,2,518
2024-01-10T00:00:00.000Z,10,1,2024,1,4,519
2024-01-11T00:00:00.000Z,11,1,2024,1,5,520
2024-01-13T00:00:00.000Z,13,1,2024,1,7,521
2024-01-15T00:00:00.000Z,15,1,2024,1,2,522
2024-01-16T00:00:00.000Z,16,1,2024,1,3,523
2024-01-17T00:00:00.000Z,17,1,2024,1,4,524
2024-01-18T00:00:00.000Z,18,1,2024,1,5,525
2024-01-19T00:00:00.000Z,19,1,2024,1,6,526
2024-01-20T00:00:00.000Z,20,1,2024,1,7,527
2024-01-22T00:00:00.000Z,22,1,2024,1,2,528
2024-01-23T00:00:00.000Z,23,1,2024,1,3,529
2024-01-24T00:00:00.000Z,24,1,2024,1,4,530
2024-01-25T00:00:00.000Z,25,1,2024,1,5,531
2024-01-26T00:00:00.000Z,26,1,2024,1,6,532
2024-01-27T00:00:00.000Z,27,1,2024,1,7,533
2024-01-28T00:00:00.000Z,28,1,2024,1,1,534
2024-01-29T00:00:00.000Z,29,1,2024,1,2,535
2024-01-30T00:00:00.000Z,30,1,2024,1,3,536
2024-01-31T00:00:00.000Z,31,1,2024,1,4,537
2024-02-01T00:00:00.000Z,1,2,2024,1,5,538
2024-02-03T00:00:00.000Z,3,2,2024,1,7,539
2024-02-04T00:00:00.000Z,4,2,2024,1,1,540
2024-02-06T00:00:00.000Z,6,2,2024,1,3,541
2024-02-07T00:00:00.000Z,7,2,2024,1,4,542
2024-02-08T00:00:00.000Z,8,2,2024,1,5,543
2024-02-09T00:00:00.000Z,9,2,2024,1,6,544
2024-02-13T00:00:00.000Z,13,2,2024,1,3,545
2024-02-14T00:00:00.000Z,14,2,2024,1,4,546
2024-02-15T00:00:00.000Z,15,2,2024,1,5,547
2024-02-16T00:00:00.000Z,16,2,2024,1,6,548
2024-02-18T00:00:00.000Z,18,2,2024,1,1,549
2024-02-19T00:00:00.000Z,19,2,2024,1,2,550
2024-02-20T00:00:00.000Z,20,2,2024,1,3,551
2024-02-21T00:00:00.000Z,21,2,2024,1,4,552
2024-02-22T00:00:00.000Z,22,2,2024,1,5,553
2024-02-23T00:00:00.000Z,23,2,2024,1,6,554
2024-02-24T00:00:00.000Z,24,2,2024,1,7,555
2024-02-25T00:00:00.000Z,25,2,2024,1,1,556
2024-02-26T00:00:00.000Z,26,2,2024,1,2,557
2024-02-27T00:00:00.000Z,27,2,2024,1,3,558
2024-02-28T00:00:00.000Z,28,2,2024,1,4,559
2024-02-29T00:00:00.000Z,29,2,2024,1,5,560
2024-03-01T00:00:00.000Z,1,3,2024,1,6,561
2024-03-03T00:00:00.000Z,3,3,2024,1,1,562
2024-03-05T00:00:00.000Z,5,3,2024,1,3,563
2024-03-06T00:00:00.000Z,6,3,2024,1,4,564
2024-03-07T00:00:00.000Z,7,3,2024,1,5,565
2024-03-08T00:00:00.000Z,8,3,2024,1,6,566
2024-03-09T00:00:00.000Z,9,3,2024,1,7,567
2024-03-10T00:00:00.000Z,10,3,2024,1,1,568
2024-03-11T00:00:00.000Z,11,3,2024,1,2,569
2024-03-12T00:00:00.000Z,12,3,2024,1,3,570
2024-03-14T00:00:00.000Z,14,3,2024,1,5,571
2024-03-15T00:00:00.000Z,15,3,2024,1,6,572
2024-03-17T00:00:00.000Z,17,3,2024,1,1,573
2024-03-18T00:00:00.000Z,18,3,2024,1,2,574
2024-03-19T00:00:00.000Z,19,3,2024,1,3,575
2024-03-21T00:00:00.000Z,21,3,2024,1,5,576
2024-03-22T00:00:00.000Z,22,3,2024,1,6,577
2024-03-23T00:00:00.000Z,23,3,2024,1,7,578
2024-03-24T00:00:00.000Z,24,3,2024,1,1,579
2024-03-25T00:00:00.000Z,25,3,2024,1,2,580
2024-03-26T00:00:00.000Z,26,3,2024,1,3,581
2024-03-27T00:00:00.000Z,27,3,2024,1,4,582
2024-03-28T00:00:00.000Z,28,3,2024,1,5,583
2024-03-29T00:00:00.000Z,29,3,2024,1,6,584
2024-03-30T00:00:00.000Z,30,3,2024,1,7,585
2024-03-31T00:00:00.000Z,31,3,2024,1,1,586
2024-04-05T00:00:00.000Z,5,4,2024,2,6,587
2024-04-06T00:00:00.000Z,6,4,2024,2,7,588
2024-04-07T00:00:00.000Z,7,4,2024,2,1,589
2024-04-08T00:00:00.000Z,8,4,2024,2,2,590
2024-04-09T00:00:00.000Z,9,4,2024,2,3,591
2024-04-11T00:00:00.000Z,11,4,2024,2,5,592
2024-04-14T00:00:00.000Z,14,4,2024,2,1,593
2024-04-15T00:00:00.000Z,15,4,2024,2,2,594
2024-04-16T00:00:00.000Z,16,4,2024,2,3,595
2024-04-17T00:00:00.000Z,17,4,2024,2,4,596
2024-04-18T00:00:00.000Z,18,4,2024,2,5,597
2024-04-19T00:00:00.000Z,19,4,2024,2,6,598
2024-04-21T00:00:00.000Z,21,4,2024,2,1,599
2024-04-22T00:00:00.000Z,22,4,2024,2,2,600
2024-04-23T00:00:00.000Z,23,4,2024,2,3,601
2024-04-24T00:00:00.000Z,24,4,2024,2,4,602
2024-04-26T00:00:00.000Z,26,4,2024,2,6,603
2024-04-27T00:00:00.000Z,27,4,2024,2,7,604
2024-04-28T00:00:00.000Z,28,4,2024,2,1,605
2024-04-29T00:00:00.000Z,29,4,2024,2,2,606
2024-05-02T00:00:00.000Z,2,5,2024,2,5,607
2024-05-03T00:00:00.000Z,3,5,2024,2,6,608
2024-05-05T00:00:00.000Z,5,5,2024,2,1,609
2024-05-06T00:00:00.000Z,6,5,2024,2,2,610
2024-05-07T00:00:00.000Z,7,5,2024,2,3,611
2024-05-08T00:00:00.000Z,8,5,2024,2,4,612
2024-05-09T00:00:00.000Z,9,5,2024,2,5,613
2024-05-10T00:00:00.000Z,10,5,2024,2,6,614
2024-05-12T00:00:00.000Z,12,5,2024,2,1,615
2024-05-13T00:00:00.000Z,13,5,2024,2,2,616
2024-05-14T00:00:00.000Z,14,5,2024,2,3,617
2024-05-16T00:00:00.000Z,16,5,2024,2,5,618
2024-05-17T00:00:00.000Z,17,5,2024,2,6,619
2024-05-19T00:00:00.000Z,19,5,2024,2,1,620
2024-05-20T00:00:00.000Z,20,5,2024,2,2,621
2024-05-21T00:00:00.000Z,21,5,2024,2,3,622
2024-05-22T00:00:00.000Z,22,5,2024,2,4,623
2024-05-23T00:00:00.000Z,23,5,2024,2,5,624
2024-05-24T00:00:00.000Z,24,5,2024,2,6,625
2024-05-25T00:00:00.000Z,25,5,2024,2,7,626
2024-05-26T00:00:00.000Z,26,5,2024,2,1,627
2024-05-27T00:00:00.000Z,27,5,2024,2,2,628
2024-05-28T00:00:00.000Z,28,5,2024,2,3,629
2024-05-30T00:00:00.000Z,30,5,2024,2,5,630
2024-05-31T00:00:00.000Z,31,5,2024,2,6,631
2024-06-02T00:00:00.000Z,2,6,2024,2,1,632
2024-06-03T00:00:00.000Z,3,6,2024,2,2,633
2024-06-04T00:00:00.000Z,4,6,2024,2,3,634
2024-06-05T00:00:00.000Z,5,6,2024,2,4,635
2024-06-06T00:00:00.000Z,6,6,2024,2,5,636
2024-06-08T00:00:00.000Z,8,6,2024,2,7,637
2024-06-09T00:00:00.000Z,9,6,2024,2,1,638
2024-06-10T00:00:00.000Z,10,6,2024,2,2,639
2024-06-11T00:00:00.000Z,11,6,2024,2,3,640
2024-06-12T00:00:00.000Z,12,6,2024,2,4,641
2024-06-13T00:00:00.000Z,13,6,2024,2,5,642
2024-06-15T00:00:00.000Z,15,6,2024,2,7,643
2024-06-16T00:00:00.000Z,16,6,2024,2,1,644
2024-06-17T00:00:00.000Z,17,6,2024,2,2,645
2024-06-18T00:00:00.000Z,18,6,2024,2,3,646
2024-06-22T00:00:00.000Z,22,6,2024,2,7,647
2024-06-23T00:00:00.000Z,23,6,2024,2,1,648
2024-06-24T00:00:00.000Z,24,6,2024,2,2,649
2024-06-25T00:00:00.000Z,25,6,2024,2,3,650
2024-06-27T00:00:00.000Z,27,6,2024,2,5,651
2024-06-29T00:00:00.000Z,29,6,2024,2,7,652
2024-07-01T00:00:00.000Z,1,7,2024,3,2,653
2024-07-02T00:00:00.000Z,2,7,2024,3,3,654
2024-07-03T00:00:00.000Z,3,7,2024,3,4,655
2024-07-04T00:00:00.000Z,4,7,2024,3,5,656
2024-07-05T00:00:00.000Z,5,7,2024,3,6,657
2024-07-07T00:00:00.000Z,7,7,2024,3,1,658
2024-07-08T00:00:00.000Z,8,7,2024,3,2,659
2024-07-09T00:00:00.000Z,9,7,2024,3,3,660
2024-07-10T00:00:00.000Z,10,7,2024,3,4,661
2024-07-12T00:00:00.000Z,12,7,2024,3,6,662
2024-07-13T00:00:00.000Z,13,7,2024,3,7,663
2024-07-14T00:00:00.000Z,14,7,2024,3,1,664
2024-07-15T00:00:00.000Z,15,7,2024,3,2,665
2024-07-16T00:00:00.000Z,16,7,2024,3,3,666
2024-07-17T00:00:00.000Z,17,7,2024,3,4,667
2024-07-18T00:00:00.000Z,18,7,2024,3,5,668
2024-07-19T00:00:00.000Z,19,7,2024,3,6,669
2024-07-20T00:00:00.000Z,20,7,2024,3,7,670
2024-07-21T00:00:00.000Z,21,7,2024,3,1,671
2024-07-22T00:00:00.000Z,22,7,2024,3,2,672
2024-07-23T00:00:00.000Z,23,7,2024,3,3,673
2024-07-24T00:00:00.000Z,24,7,2024,3,4,674
2024-07-26T00:00:00.000Z,26,7,2024,3,6,675
2024-07-28T00:00:00.000Z,28,7,2024,3,1,676
2024-07-31T00:00:00.000Z,31,7,2024,3,4,677
2024-08-01T00:00:00.000Z,1,8,2024,3,5,678
2024-08-02T00:00:00.000Z,2,8,2024,3,6,679
2024-08-03T00:00:00.000Z,3,8,2024,3,7,680
2024-08-05T00:00:00.000Z,5,8,2024,3,2,681
2024-08-07T00:00:00.000Z,7,8,2024,3,4,682
2024-08-11T00:00:00.000Z,11,8,2024,3,1,683
2024-08-14T00:00:00.000Z,14,8,2024,3,4,684
2024-08-15T00:00:00.000Z,15,8,2024,3,5,685
2024-08-18T00:00:00.000Z,18,8,2024,3,1,686
2024-08-19T00:00:00.000Z,19,8,2024,3,2,687
2024-08-20T00:00:00.000Z,20,8,2024,3,3,688
2024-08-21T00:00:00.000Z,21,8,2024,3,4,689
2024-08-22T00:00:00.000Z,22,8,2024,3,5,690
2024-08-23T00:00:00.000Z,23,8,2024,3,6,691
2024-08-24T00:00:00.000Z,24,8,2024,3,7,692
2024-08-25T00:00:00.000Z,25,8,2024,3,1,693
2024-08-26T00:00:00.000Z,26,8,2024,3,2,694
2024-08-27T00:00:00.000Z,27,8,2024,3,3,695
2024-08-28T00:00:00.000Z,28,8,2024,3,4,696
2024-08-31T00:00:00.000Z,31,8,2024,3,7,697
2024-09-01T00:00:00.000Z,1,9,2024,3,1,698
2024-09-02T00:00:00.000Z,2,9,2024,3,2,699
2024-09-04T00:00:00.000Z,4,9,2024,3,4,700
2024-09-06T00:00:00.000Z,6,9,2024,3,6,701
2024-09-07T00:00:00.000Z,7,9,2024,3,7,702
2024-09-09T00:00:00.000Z,9,9,2024,3,2,703
2024-09-10T00:00:00.000Z,10,9,2024,3,3,704
2024-09-12T00:00:00.000Z,12,9,2024,3,5,705
2024-09-13T00:00:00.000Z,13,9,2024,3,6,706
2024-09-14T00:00:00.000Z,14,9,2024,3,7,707
2024-09-15T00:00:00.000Z,15,9,2024,3,1,708
2024-09-16T00:00:00.000Z,16,9,2024,3,2,709
2024-09-17T00:00:00.000Z,17,9,2024,3,3,710
2024-09-18T00:00:00.000Z,18,9,2024,3,4,711
2024-09-19T00:00:00.000Z,19,9,2024,3,5,712
2024-09-20T00:00:00.000Z,20,9,2024,3,6,713
2024-09-21T00:00:00.000Z,21,9,2024,3,7,714
2024-09-22T00:00:00.000Z,22,9,2024,3,1,715
2024-09-26T00:00:00.000Z,26,9,2024,3,5,716
2024-09-27T00:00:00.000Z,27,9,2024,3,6,717
2024-09-29T00:00:00.000Z,29,9,2024,3,1,718
2024-10-01T00:00:00.000Z,1,10,2024,4,3,719
2024-10-02T00:00:00.000Z,2,10,2024,4,4,720
2024-10-03T00:00:00.000Z,3,10,2024,4,5,721
2024-10-06T00:00:00.000Z,6,10,2024,4,1,722
2024-10-07T00:00:00.000Z,7,10,2024,4,2,723
2024-10-08T00:00:00.000Z,8,10,2024,4,3,724
2024-10-11T00:00:00.000Z,11,10,2024,4,6,725
2024-10-13T00:00:00.000Z,13,10,2024,4,1,726
2024-10-15T00:00:00.000Z,15,10,2024,4,3,727
2024-10-16T00:00:00.000Z,16,10,2024,4,4,728
2024-10-18T00:00:00.000Z,18,10,2024,4,6,729
2024-10-19T00:00:00.000Z,19,10,2024,4,7,730
2024-10-21T00:00:00.000Z,21,10,2024,4,2,731
2024-10-22T00:00:00.000Z,22,10,2024,4,3,732
2024-10-23T00:00:00.000Z,23,10,2024,4,4,733
2024-10-25T00:00:00.000Z,25,10,2024,4,6,734
2024-10-27T00:00:00.000Z,27,10,2024,4,1,735
2024-10-28T00:00:00.000Z,28,10,2024,4,2,736
2024-10-29T00:00:00.000Z,29,10,2024,4,3,737
2024-10-30T00:00:00.000Z,30,10,2024,4,4,738
2024-11-01T00:00:00.000Z,1,11,2024,4,6,739
2024-11-02T00:00:00.000Z,2,11,2024,4,7,740
2024-11-03T00:00:00.000Z,3,11,2024,4,1,741
2024-11-04T00:00:00.000Z,4,11,2024,4,2,742
2024-11-05T00:00:00.000Z,5,11,2024,4,3,743
2024-11-07T00:00:00.000Z,7,11,2024,4,5,744
2024-11-09T00:00:00.000Z,9,11,2024,4,7,745
2024-11-10T00:00:00.000Z,10,11,2024,4,1,746
2024-11-11T00:00:00.000Z,11,11,2024,4,2,747
2024-11-12T00:00:00.000Z,12,11,2024,4,3,748
2024-11-15T00:00:00.000Z,15,11,2024,4,6,749
2024-11-17T00:00:00.000Z,17,11,2024,4,1,750
2024-11-18T00:00:00.000Z,18,11,2024,4,2,751
2024-11-20T00:00:00.000Z,20,11,2024,4,4,752
2024-11-21T00:00:00.000Z,21,11,2024,4,5,753
2024-11-22T00:00:00.000Z,22,11,2024,4,6,754
2024-11-24T00:00:00.000Z,24,11,2024,4,1,755
2024-11-27T00:00:00.000Z,27,11,2024,4,4,756
2024-11-28T00:00:00.000Z,28,11,2024,4,5,757
2024-12-01T00:00:00.000Z,1,12,2024,4,1,758
2024-12-02T00:00:00.000Z,2,12,2024,4,2,759
2024-12-03T00:00:00.000Z,3,12,2024,4,3,760
2024-12-04T00:00:00.000Z,4,12,2024,4,4,761
2024-12-05T00:00:00.000Z,5,12,2024,4,5,762
2024-12-07T00:00:00.000Z,7,12,2024,4,7,763
2024-12-08T00:00:00.000Z,8,12,2024,4,1,764
2024-12-10T00:00:00.000Z,10,12,2024,4,3,765
2024-12-11T00:00:00.000Z,11,12,2024,4,4,766
2024-12-12T00:00:00.000Z,12,12,2024,4,5,767
2024-12-13T00:00:00.000Z,13,12,2024,4,6,768
2024-12-14T00:00:00.000Z,14,12,2024,4,7,769
2024-12-16T00:00:00.000Z,16,12,2024,4,2,770
2024-12-18T00:00:00.000Z,18,12,2024,4,4,771
2024-12-19T00:00:00.000Z,19,12,2024,4,5,772
2024-12-20T00:00:00.000Z,20,12,2024,4,6,773
2024-12-21T00:00:00.000Z,21,12,2024,4,7,774
2024-12-22T00:00:00.000Z,22,12,2024,4,1,775
2024-12-23T00:00:00.000Z,23,12,2024,4,2,776
2024-12-24T00:00:00.000Z,24,12,2024,4,3,777
2024-12-25T00:00:00.000Z,25,12,2024,4,4,778
2024-12-28T00:00:00.000Z,28,12,2024,4,7,779
2024-12-29T00:00:00.000Z,29,12,2024,4,1,780
2024-12-30T00:00:00.000Z,30,12,2024,4,2,781
2024-12-31T00:00:00.000Z,31,12,2024,4,3,782
