order_id,user_id,order_timestamp,amount
5463,4019,2022-01-02,1500.0
19021,5891,2022-01-02,1500.0
7565,5868,2022-01-03,1919.0
4760,3512,2022-01-05,4986.0
11897,3408,2022-01-06,1500.0
11420,5852,2022-01-06,4069.0
10622,2512,2022-01-07,500.5
11182,2459,2022-01-07,1697.0
4774,2667,2022-01-08,1500.0
13953,699,2022-01-08,1788.0
4179,1040,2022-01-09,1500.0
8539,4601,2022-01-09,613.0
4650,5071,2022-01-10,500.5
11158,2559,2022-01-12,1500.0
10795,1097,2022-01-12,4569.0
4011,1081,2022-01-13,500.5
2804,4058,2022-01-13,1282.0
13772,459,2022-01-14,1500.0
15899,927,2022-01-14,500.5
7732,1015,2022-01-14,500.5
17372,1288,2022-01-16,2221.0
4235,4499,2022-01-17,820.0
3129,5823,2022-01-19,1500.0
7214,5431,2022-01-20,1500.0
12250,404,2022-01-20,1677.0
13838,3328,2022-01-20,3278.0
9436,43,2022-01-22,1500.0
19403,2748,2022-01-22,2964.0
10833,5889,2022-01-23,500.5
7466,4189,2022-01-23,3904.0
8288,4727,2022-01-23,1500.0
4103,5258,2022-01-24,4685.0
15118,5209,2022-01-24,4800.0
2807,5028,2022-01-25,500.5
2570,4146,2022-01-26,1500.0
4849,1828,2022-01-27,4187.0
18586,3990,2022-01-27,1500.0
4570,1203,2022-01-28,1500.0
6898,1670,2022-01-31,3111.0
3287,4797,2022-01-31,500.5
13547,2529,2022-02-01,1500.0
4195,5612,2022-02-01,619.0
12334,3619,2022-02-02,500.5
6961,200,2022-02-03,1500.0
19249,4968,2022-02-04,3704.0
4087,1571,2022-02-04,500.5
10975,233,2022-02-04,500.5
16876,2672,2022-02-07,206.0
7225,2109,2022-02-08,500.5
19645,2069,2022-02-08,3752.0
19452,568,2022-02-08,500.5
7893,2518,2022-02-10,500.5
15116,86,2022-02-10,1500.0
7860,1452,2022-02-10,2310.0
12869,2589,2022-02-11,500.5
16061,3363,2022-02-12,1500.0
13021,5067,2022-02-13,1500.0
6698,2695,2022-02-13,4643.0
7808,4587,2022-02-15,500.5
16314,5110,2022-02-15,500.5
6134,340,2022-02-15,4617.0
13422,3903,2022-02-16,3050.0
15829,45,2022-02-17,500.5
3353,203,2022-02-17,4986.0
7271,3918,2022-02-18,4265.0
15219,2743,2022-02-21,1405.0
14025,5418,2022-02-21,500.5
7910,3450,2022-02-23,1500.0
7627,5992,2022-02-23,4823.0
15115,5204,2022-02-23,1500.0
5986,3707,2022-02-24,1500.0
18681,711,2022-02-24,2702.0
7916,1537,2022-02-24,500.5
12587,2991,2022-02-25,500.5
10518,2179,2022-02-25,4538.0
13115,4981,2022-02-26,500.5
1418,269,2022-02-28,356.0
18671,4475,2022-03-01,1500.0
14060,3016,2022-03-03,1145.0
7388,4533,2022-03-04,3385.0
12434,3882,2022-03-05,1500.0
9358,2242,2022-03-05,3374.0
16605,3129,2022-03-05,500.5
7127,4403,2022-03-06,1500.0
4786,854,2022-03-06,500.5
18966,837,2022-03-06,4189.0
788,2694,2022-03-10,109.0
1616,1984,2022-03-12,2962.0
3774,1451,2022-03-13,4683.0
349,5502,2022-03-13,1500.0
1420,4330,2022-03-13,2707.0
18813,2237,2022-03-14,1500.0
7848,3147,2022-03-14,1500.0
3194,3536,2022-03-15,1500.0
8160,5283,2022-03-15,1500.0
12989,5726,2022-03-15,1500.0
19825,455,2022-03-17,500.5
14739,2060,2022-03-17,500.5
19340,438,2022-03-17,1500.0
805,4890,2022-03-18,1500.0
12618,4599,2022-03-19,1500.0
13,3224,2022-03-19,1500.0
5483,3675,2022-03-22,4682.0
6337,3714,2022-03-22,1941.0
15232,2186,2022-03-22,1500.0
1876,1251,2022-03-23,500.5
9128,990,2022-03-24,2879.0
18332,778,2022-03-24,2337.0
3193,4637,2022-03-24,2920.0
5749,3628,2022-03-25,1500.0
15685,1409,2022-03-25,1500.0
7584,5195,2022-03-26,1062.0
3120,5103,2022-03-26,1679.0
17617,3336,2022-03-27,395.0
10323,1142,2022-03-28,1500.0
19742,260,2022-03-29,2948.0
4277,909,2022-03-29,1500.0
13987,1060,2022-03-29,1500.0
4114,165,2022-03-30,500.5
17629,4566,2022-03-30,1500.0
17492,1408,2022-04-01,2412.0
11751,560,2022-04-01,1500.0
2600,3956,2022-04-02,416.0
19321,2071,2022-04-02,2854.0
131,2684,2022-04-02,4926.0
6746,3220,2022-04-03,1500.0
725,2111,2022-04-03,500.5
14837,1253,2022-04-03,1500.0
15613,3549,2022-04-04,500.5
452,1778,2022-04-04,3410.0
16361,2974,2022-04-06,1500.0
3145,3680,2022-04-06,500.5
4152,395,2022-04-07,1500.0
19773,5485,2022-04-07,2508.0
1088,1188,2022-04-07,500.5
12986,2227,2022-04-09,1699.0
100,4961,2022-04-09,1868.0
12049,5596,2022-04-12,500.5
11205,1455,2022-04-12,500.5
3346,899,2022-04-12,1500.0
16085,1893,2022-04-13,1500.0
15629,1161,2022-04-13,4613.0
7015,2109,2022-04-13,351.0
6588,5222,2022-04-14,1500.0
6918,4779,2022-04-17,500.5
9271,3895,2022-04-18,500.5
16173,2865,2022-04-19,2437.0
11475,2845,2022-04-19,4948.0
18000,3954,2022-04-20,2697.0
14281,2663,2022-04-21,842.0
565,2323,2022-04-21,1385.0
16088,4073,2022-04-21,500.5
18361,3889,2022-04-21,2001.0
9982,3972,2022-04-23,1500.0
9483,2407,2022-04-26,500.5
420,4772,2022-04-26,500.5
19051,2857,2022-04-28,500.5
17962,900,2022-04-28,1239.0
776,5720,2022-04-29,500.5
8361,441,2022-04-29,1500.0
4466,4659,2022-04-30,1770.0
15399,5225,2022-04-30,1495.0
5264,5509,2022-05-02,500.5
1978,4511,2022-05-02,1500.0
9990,1020,2022-05-04,500.5
6290,3425,2022-05-05,1500.0
7106,147,2022-05-05,1500.0
6739,5382,2022-05-08,500.5
2678,1199,2022-05-08,1932.0
19732,3934,2022-05-09,1500.0
9994,2162,2022-05-11,2658.0
11189,1764,2022-05-11,4251.0
5230,5226,2022-05-12,3742.0
9294,4464,2022-05-12,4486.0
2500,5453,2022-05-12,2408.0
15983,4851,2022-05-13,1500.0
10375,3945,2022-05-13,1180.0
8854,2099,2022-05-15,1500.0
18358,4156,2022-05-15,500.5
6312,4259,2022-05-16,3541.0
7164,4611,2022-05-17,4361.0
7617,3403,2022-05-18,2000.0
8948,4370,2022-05-19,500.5
3895,2574,2022-05-19,3704.0
9689,2150,2022-05-19,1802.0
7688,3141,2022-05-19,1500.0
8934,2728,2022-05-22,500.5
6593,4195,2022-05-22,787.0
8233,3596,2022-05-22,1500.0
8554,439,2022-05-22,1500.0
10479,3687,2022-05-22,500.5
10405,2615,2022-05-24,1885.0
12281,3268,2022-05-25,500.5
4185,2416,2022-05-25,1500.0
2187,3847,2022-05-26,1500.0
6017,1177,2022-05-27,1817.0
2930,4419,2022-05-27,3229.0
5767,252,2022-05-28,1500.0
5954,1820,2022-05-30,500.5
13395,5112,2022-05-30,4776.0
3749,1120,2022-05-31,4607.0
16005,4820,2022-05-31,2206.0
19619,2214,2022-05-31,4155.0
4109,1660,2022-06-01,4470.0
453,1952,2022-06-02,4573.0
3752,1850,2022-06-03,500.5
3841,172,2022-06-04,1596.0
8821,5466,2022-06-06,208.0
10757,5212,2022-06-09,500.5
10546,2609,2022-06-11,1073.0
15493,1612,2022-06-13,3169.0
10242,1932,2022-06-15,4919.0
5258,309,2022-06-15,4382.0
3643,5672,2022-06-15,500.5
11656,5492,2022-06-17,500.5
6677,5288,2022-06-17,3976.0
4007,2532,2022-06-18,1193.0
14113,1336,2022-06-18,1653.0
16467,5480,2022-06-19,4072.0
19419,2320,2022-06-19,500.5
12172,5600,2022-06-19,500.5
17569,2615,2022-06-19,1189.0
18759,1830,2022-06-20,1500.0
1206,4442,2022-06-20,3136.0
4666,1899,2022-06-20,500.5
16102,4959,2022-06-20,500.5
13995,3051,2022-06-21,1154.0
11347,168,2022-06-21,4809.0
6550,5890,2022-06-22,4500.0
19982,1085,2022-06-22,500.5
13209,3637,2022-06-23,500.5
10483,896,2022-06-25,370.0
4477,2477,2022-06-28,1500.0
7774,1857,2022-06-29,1500.0
18642,608,2022-06-30,1111.0
15945,1893,2022-06-30,4717.0
8022,4849,2022-06-30,1500.0
13840,1357,2022-07-01,1500.0
16064,631,2022-07-02,2905.0
9286,4280,2022-07-02,3177.0
15016,2999,2022-07-04,500.5
12891,3962,2022-07-05,605.0
19925,2513,2022-07-05,564.0
15781,2301,2022-07-05,3507.0
4771,4503,2022-07-05,1656.0
18729,3815,2022-07-08,1500.0
6271,503,2022-07-11,500.5
4443,234,2022-07-11,1500.0
8467,1391,2022-07-11,930.0
16126,1947,2022-07-11,3044.0
9015,5560,2022-07-12,2447.0
1252,3217,2022-07-13,500.5
3910,4672,2022-07-14,3910.0
14252,361,2022-07-14,1784.0
16338,4002,2022-07-14,1500.0
4603,2300,2022-07-15,3579.0
1577,261,2022-07-16,1168.0
10116,5837,2022-07-16,4717.0
14052,1930,2022-07-16,500.5
3474,340,2022-07-16,500.5
15063,2993,2022-07-16,2243.0
14880,2095,2022-07-17,1500.0
16406,1893,2022-07-17,500.5
11179,4046,2022-07-18,1500.0
19284,5413,2022-07-18,866.0
13956,4300,2022-07-20,2157.0
1660,884,2022-07-20,500.5
12885,750,2022-07-20,500.5
12855,1312,2022-07-20,500.5
16492,2029,2022-07-21,4148.0
37,2425,2022-07-23,1500.0
9360,271,2022-07-23,218.0
11059,1497,2022-07-23,2698.0
14031,680,2022-07-25,1638.0
3630,5638,2022-07-25,500.5
18508,5888,2022-07-26,4063.0
612,3667,2022-07-26,690.0
16374,4664,2022-07-27,1383.0
7060,4673,2022-07-27,2007.0
7892,4462,2022-07-31,500.5
9930,2752,2022-07-31,157.0
2569,1547,2022-07-31,2462.0
17133,5956,2022-08-01,500.5
2705,2011,2022-08-01,1500.0
5964,412,2022-08-03,1500.0
18767,429,2022-08-03,500.5
16185,2507,2022-08-04,1500.0
7555,1192,2022-08-05,438.0
17186,352,2022-08-05,1500.0
17973,3518,2022-08-06,500.5
6558,5249,2022-08-07,500.5
2437,1980,2022-08-07,3307.0
4609,3265,2022-08-07,2589.0
155,1628,2022-08-07,500.5
19590,5493,2022-08-07,2420.0
9724,5097,2022-08-08,500.5
372,5518,2022-08-08,1331.0
15910,412,2022-08-12,158.0
7258,4543,2022-08-13,538.0
5211,5794,2022-08-13,4949.0
6730,3497,2022-08-14,4146.0
3604,3463,2022-08-15,3386.0
17809,1736,2022-08-15,500.5
18800,4603,2022-08-15,500.5
2030,2192,2022-08-15,500.5
4239,2992,2022-08-18,500.5
16620,2901,2022-08-18,1433.0
768,1893,2022-08-19,1500.0
5013,3258,2022-08-20,3199.0
8466,5648,2022-08-21,4869.0
6139,3650,2022-08-23,500.5
10379,4439,2022-08-23,500.5
17515,4629,2022-08-24,500.5
7692,5860,2022-08-25,4308.0
19786,2909,2022-08-25,1500.0
12732,5173,2022-08-25,1500.0
13793,4652,2022-08-25,1500.0
17538,375,2022-08-25,2258.0
10104,4986,2022-08-26,500.5
6742,4909,2022-08-26,1500.0
9218,2671,2022-08-26,1500.0
16082,2352,2022-08-26,123.0
8651,3306,2022-08-26,2875.0
6255,3567,2022-08-27,2358.0
16556,1833,2022-08-27,1441.0
3044,382,2022-08-28,1684.0
17681,863,2022-08-30,500.5
16805,3697,2022-08-30,1500.0
12047,3368,2022-08-30,1500.0
5159,3384,2022-08-30,435.0
4093,2470,2022-08-31,500.5
19632,1135,2022-09-01,4601.0
735,2043,2022-09-01,666.0
17633,5621,2022-09-01,2896.0
7177,2954,2022-09-03,3841.0
11449,3081,2022-09-05,1500.0
6344,40,2022-09-05,500.5
16187,5066,2022-09-05,1500.0
11932,1641,2022-09-07,1645.0
3021,928,2022-09-07,3682.0
15694,4748,2022-09-08,2648.0
14165,5754,2022-09-08,500.5
12864,5952,2022-09-09,500.5
4706,1042,2022-09-10,500.5
4058,3054,2022-09-10,4184.0
17280,2455,2022-09-10,1914.0
18302,2059,2022-09-11,784.0
17242,3623,2022-09-11,1500.0
18755,593,2022-09-13,1500.0
104,1444,2022-09-16,500.5
9309,114,2022-09-16,500.5
2927,400,2022-09-16,4074.0
10652,5051,2022-09-18,500.5
11999,4838,2022-09-18,500.5
18803,5613,2022-09-19,500.5
109,517,2022-09-22,1500.0
9544,5457,2022-09-23,4696.0
11825,5548,2022-09-25,3359.0
10110,3600,2022-09-30,3217.0
17955,5487,2022-10-01,500.5
12330,4772,2022-10-01,358.0
17175,2759,2022-10-02,500.5
18147,3847,2022-10-02,3363.0
6021,5335,2022-10-02,4404.0
825,1259,2022-10-03,4400.0
18388,3664,2022-10-03,1500.0
8577,1071,2022-10-05,3780.0
19266,1958,2022-10-05,3508.0
338,1507,2022-10-06,500.5
5388,4604,2022-10-06,500.5
6614,5916,2022-10-07,500.5
4353,1248,2022-10-07,4089.0
759,5276,2022-10-07,4805.0
17002,4434,2022-10-07,500.5
14553,4158,2022-10-09,500.5
13622,3924,2022-10-09,3503.0
12457,1276,2022-10-09,500.5
12688,4662,2022-10-10,500.5
17566,4402,2022-10-10,1500.0
9920,2161,2022-10-11,1500.0
2739,283,2022-10-11,500.5
1215,3809,2022-10-13,500.5
15041,2318,2022-10-13,1500.0
6663,4688,2022-10-14,4946.0
2828,4936,2022-10-14,500.5
2921,5797,2022-10-16,500.5
7110,586,2022-10-17,361.0
9619,252,2022-10-18,1126.0
10177,1242,2022-10-19,1896.0
19702,5396,2022-10-19,500.5
10633,4774,2022-10-19,4296.0
16851,1032,2022-10-20,398.0
8932,5801,2022-10-20,1500.0
9346,4829,2022-10-20,199.0
7606,191,2022-10-20,500.5
12724,1921,2022-10-21,1028.0
2194,2111,2022-10-21,1500.0
6598,5941,2022-10-21,500.5
10088,5197,2022-10-23,1963.0
988,4312,2022-10-24,2656.0
7801,75,2022-10-26,1712.0
7890,1874,2022-10-27,2204.0
1320,5017,2022-10-27,4649.0
3214,4905,2022-10-28,500.5
18535,361,2022-10-28,4516.0
9177,5497,2022-10-28,3945.0
12267,2760,2022-10-28,3499.0
17549,1471,2022-10-28,500.5
13617,3657,2022-10-29,500.5
13104,5265,2022-10-30,4671.0
16751,3579,2022-10-30,500.5
9245,5303,2022-10-30,1500.0
18596,1553,2022-10-31,1343.0
4766,4449,2022-11-01,1500.0
17236,4546,2022-11-03,1006.0
5511,2460,2022-11-04,1500.0
17580,3673,2022-11-05,446.0
46,4873,2022-11-06,4469.0
7553,5988,2022-11-07,4891.0
11890,2761,2022-11-10,1500.0
18077,2752,2022-11-10,1500.0
12663,4191,2022-11-11,500.5
5500,4833,2022-11-13,2960.0
16877,4850,2022-11-13,414.0
2776,2352,2022-11-14,1500.0
5149,798,2022-11-14,1500.0
11916,4563,2022-11-14,500.5
11022,3153,2022-11-14,1500.0
11550,5200,2022-11-15,1500.0
6872,2607,2022-11-15,4889.0
117,5597,2022-11-15,2858.0
4974,2126,2022-11-16,1230.0
6117,2628,2022-11-18,500.5
1522,3273,2022-11-18,1601.0
2904,2326,2022-11-19,1850.0
13609,3933,2022-11-19,4278.0
12118,262,2022-11-20,1500.0
12753,2093,2022-11-20,500.5
18056,4713,2022-11-20,432.0
10143,1014,2022-11-21,1500.0
15093,949,2022-11-21,3106.0
2881,4136,2022-11-22,4421.0
16402,2900,2022-11-22,500.5
15805,314,2022-11-22,1500.0
9221,1709,2022-11-23,500.5
17689,204,2022-11-24,500.5
10694,1008,2022-11-24,703.0
14512,5297,2022-11-27,1500.0
8490,2970,2022-11-27,2226.0
8511,4500,2022-11-30,500.5
791,405,2022-12-01,2804.0
465,3156,2022-12-01,4449.0
8023,4768,2022-12-03,1679.0
579,3670,2022-12-05,2008.0
3580,391,2022-12-06,1500.0
8441,2616,2022-12-08,500.5
15298,719,2022-12-08,2463.0
5330,2863,2022-12-08,500.5
19397,646,2022-12-09,1823.0
7526,587,2022-12-09,4530.0
1483,4924,2022-12-10,500.5
2517,4743,2022-12-10,500.5
8834,1848,2022-12-10,500.5
13892,5819,2022-12-10,393.0
10979,3060,2022-12-11,500.5
3110,2843,2022-12-11,1500.0
2819,266,2022-12-12,500.5
3765,4726,2022-12-14,4354.0
3950,5252,2022-12-16,1500.0
14284,3770,2022-12-17,1500.0
3635,2313,2022-12-17,2715.0
2538,1110,2022-12-17,500.5
938,1320,2022-12-17,500.5
14581,3180,2022-12-17,500.5
5793,584,2022-12-18,1579.0
1625,5835,2022-12-19,500.5
12340,4253,2022-12-19,1500.0
15019,5895,2022-12-20,1500.0
1251,1463,2022-12-20,500.5
13555,3939,2022-12-21,1500.0
5386,843,2022-12-21,500.5
10006,1009,2022-12-21,1500.0
14627,5197,2022-12-23,500.5
8881,3623,2022-12-23,3331.0
6764,840,2022-12-24,4532.0
7766,2275,2022-12-25,500.5
15640,2011,2022-12-26,2970.0
17163,2477,2022-12-26,4743.0
9088,5920,2022-12-26,500.5
15417,3847,2022-12-27,1500.0
12955,4501,2022-12-27,1502.0
19956,1287,2022-12-27,500.5
13235,5507,2022-12-29,500.5
17456,3641,2022-12-29,500.5
8276,3869,2022-12-30,584.0
10308,3243,2022-12-30,1500.0
17394,4246,2023-01-02,1217.0
4967,287,2023-01-02,500.5
9914,4596,2023-01-02,903.0
10249,1962,2023-01-05,500.5
6027,723,2023-01-05,2557.0
7644,845,2023-01-06,1500.0
5815,726,2023-01-08,500.5
9822,360,2023-01-09,1500.0
18640,2340,2023-01-09,637.0
563,1101,2023-01-10,500.5
7246,1723,2023-01-10,2659.0
13782,568,2023-01-10,500.5
14061,1130,2023-01-10,1500.0
2553,2437,2023-01-13,500.5
15592,4047,2023-01-13,781.0
19734,5646,2023-01-13,2453.0
11976,4404,2023-01-14,3298.0
4688,305,2023-01-14,1500.0
208,5700,2023-01-16,2168.0
9237,1144,2023-01-17,567.0
11300,5269,2023-01-17,1500.0
16740,2512,2023-01-17,1500.0
7718,4164,2023-01-18,849.0
13567,5278,2023-01-19,1500.0
16559,3404,2023-01-19,3586.0
9715,5423,2023-01-20,1500.0
8354,616,2023-01-21,4698.0
9830,4964,2023-01-22,1500.0
3555,5368,2023-01-22,1500.0
6701,2780,2023-01-23,1500.0
14926,3772,2023-01-23,4580.0
18318,2900,2023-01-23,1500.0
1840,689,2023-01-23,500.5
8929,3974,2023-01-24,500.5
5723,3898,2023-01-25,1500.0
15390,5646,2023-01-26,500.5
3618,5979,2023-01-28,959.0
156,4809,2023-01-29,1500.0
4288,1174,2023-01-29,4784.0
13176,2519,2023-01-30,1500.0
5038,2713,2023-01-30,1500.0
3880,3883,2023-01-30,969.0
14341,5637,2023-01-30,4160.0
17351,3074,2023-02-01,3667.0
10351,5167,2023-02-01,500.5
17417,2678,2023-02-01,500.5
13087,2411,2023-02-01,841.0
2412,1251,2023-02-02,2844.0
12084,5648,2023-02-03,1500.0
14878,4131,2023-02-03,500.5
8956,4420,2023-02-03,500.5
9932,1913,2023-02-03,1500.0
17345,1105,2023-02-04,1500.0
14890,4575,2023-02-05,500.5
17858,322,2023-02-06,1500.0
14955,4571,2023-02-07,4534.0
441,533,2023-02-08,504.0
6391,262,2023-02-09,857.0
5370,1516,2023-02-10,1500.0
12277,3150,2023-02-11,2335.0
6216,1058,2023-02-11,2157.0
15978,2579,2023-02-12,1500.0
5929,5825,2023-02-12,500.5
17851,3805,2023-02-12,1421.0
18817,5844,2023-02-13,500.5
2874,842,2023-02-15,432.0
17441,1314,2023-02-16,1568.0
186,5406,2023-02-16,4300.0
6686,5097,2023-02-17,1604.0
879,5536,2023-02-19,4034.0
680,5466,2023-02-20,4809.0
17221,5975,2023-02-20,500.5
2901,5619,2023-02-20,1500.0
9969,4456,2023-02-21,1500.0
19019,5375,2023-02-21,500.5
3482,5913,2023-02-22,3047.0
7322,4125,2023-02-23,2121.0
15338,5668,2023-02-23,4823.0
18255,2800,2023-02-23,500.5
11176,3396,2023-02-25,3200.0
18030,5939,2023-02-26,1049.0
13873,5876,2023-02-26,3498.0
10845,5365,2023-02-27,3495.0
18756,3050,2023-02-27,3140.0
4468,3459,2023-02-27,1483.0
16125,1143,2023-02-27,1125.0
8187,5971,2023-02-28,1500.0
19343,1241,2023-03-02,1500.0
16484,4267,2023-03-02,3118.0
10671,1935,2023-03-02,2645.0
2188,5652,2023-03-03,500.5
1966,4711,2023-03-03,500.5
6729,4025,2023-03-03,803.0
1969,409,2023-03-07,1755.0
8990,2159,2023-03-09,2807.0
17319,4413,2023-03-09,500.5
2952,899,2023-03-09,500.5
7948,209,2023-03-10,633.0
1162,710,2023-03-11,500.5
3412,1399,2023-03-12,3697.0
8800,1541,2023-03-13,2163.0
8548,2662,2023-03-14,940.0
13726,4333,2023-03-15,3326.0
19434,4641,2023-03-15,4886.0
12416,2709,2023-03-15,500.5
12613,3585,2023-03-15,2146.0
2504,4791,2023-03-16,500.5
12462,2209,2023-03-16,1500.0
16689,4904,2023-03-17,1500.0
4084,3000,2023-03-17,3660.0
18360,3343,2023-03-18,1500.0
11647,2868,2023-03-18,4771.0
9542,944,2023-03-18,1500.0
18621,4153,2023-03-18,3810.0
7216,3719,2023-03-18,500.5
10746,1918,2023-03-19,2907.0
1232,4332,2023-03-22,1500.0
10061,2797,2023-03-22,500.5
17148,3811,2023-03-22,482.0
1894,2387,2023-03-24,1500.0
3972,184,2023-03-26,500.5
7856,1229,2023-03-26,1500.0
16726,5356,2023-03-26,2378.0
10126,4558,2023-03-26,4972.0
7768,1156,2023-03-27,2229.0
15917,5104,2023-03-27,2630.0
13721,3277,2023-03-29,500.5
12128,1838,2023-03-29,927.0
16633,1269,2023-03-29,500.5
12871,4152,2023-03-31,4583.0
541,3985,2023-03-31,2726.0
9242,1854,2023-04-01,3648.0
10412,4602,2023-04-01,806.0
16016,4858,2023-04-02,1500.0
17342,4875,2023-04-03,994.0
5284,3425,2023-04-04,1500.0
1851,1678,2023-04-04,1564.0
15695,1868,2023-04-05,500.5
3441,2149,2023-04-05,1500.0
19600,156,2023-04-05,500.5
13562,2244,2023-04-05,901.0
12455,4264,2023-04-05,1500.0
7019,3330,2023-04-06,4434.0
8657,856,2023-04-07,1089.0
6585,2740,2023-04-08,1500.0
5531,3726,2023-04-11,3904.0
19837,4421,2023-04-11,1774.0
6000,1141,2023-04-11,730.0
1201,2004,2023-04-13,714.0
18425,1222,2023-04-15,500.5
9198,2902,2023-04-16,500.5
17393,3761,2023-04-17,2962.0
16893,3867,2023-04-17,500.5
4446,2621,2023-04-17,500.5
19289,1609,2023-04-18,1500.0
13704,932,2023-04-19,1222.0
193,5176,2023-04-19,1500.0
98,4073,2023-04-21,1500.0
19282,5028,2023-04-22,1047.0
5504,4039,2023-04-24,500.5
11853,1115,2023-04-24,1350.0
12044,1254,2023-04-26,4621.0
16657,1819,2023-04-27,1500.0
11627,4120,2023-04-28,500.5
3979,4991,2023-04-28,1500.0
3019,5781,2023-04-29,1500.0
3451,5153,2023-04-30,1847.0
16557,3157,2023-05-01,4519.0
5094,2616,2023-05-02,1432.0
7087,5524,2023-05-03,500.5
17344,1450,2023-05-04,500.5
15615,2896,2023-05-04,1209.0
8445,3405,2023-05-04,1778.0
17572,4020,2023-05-05,3589.0
2607,2209,2023-05-06,500.5
1656,2120,2023-05-07,311.0
18865,318,2023-05-07,1249.0
5117,3022,2023-05-09,1500.0
8704,5184,2023-05-09,500.5
6279,3821,2023-05-10,1500.0
223,5513,2023-05-10,1500.0
19401,2405,2023-05-10,1500.0
3086,1301,2023-05-11,500.5
2280,5720,2023-05-13,236.0
18870,2550,2023-05-14,500.5
424,2962,2023-05-14,3631.0
9888,5252,2023-05-15,1630.0
7315,3025,2023-05-15,3327.0
17187,3841,2023-05-17,1500.0
13315,2047,2023-05-17,1500.0
4356,316,2023-05-17,1500.0
11593,1505,2023-05-18,1500.0
9429,2555,2023-05-20,1601.0
6875,4963,2023-05-20,162.0
11229,1571,2023-05-20,500.5
16471,5646,2023-05-21,1736.0
17941,1609,2023-05-21,500.5
3182,5317,2023-05-22,500.5
6001,3839,2023-05-23,1493.0
640,5482,2023-05-24,1500.0
11225,2855,2023-05-24,500.5
18118,2255,2023-05-25,500.5
10121,2129,2023-05-27,1500.0
54,1073,2023-05-27,1500.0
10023,3259,2023-05-27,518.0
16496,2003,2023-05-28,500.5
7566,4165,2023-05-28,360.0
1586,4469,2023-05-30,1863.0
13965,1286,2023-05-31,500.5
9312,795,2023-06-01,500.5
4819,5356,2023-06-01,984.0
2916,2325,2023-06-01,1500.0
16969,5242,2023-06-01,500.5
13575,4670,2023-06-03,1500.0
11521,795,2023-06-03,4670.0
3335,3671,2023-06-03,500.5
18329,101,2023-06-04,1559.0
873,530,2023-06-04,500.5
19305,1301,2023-06-05,3079.0
6310,1055,2023-06-05,1500.0
5228,4530,2023-06-06,500.5
12991,4676,2023-06-07,1500.0
5553,298,2023-06-08,2494.0
12480,3833,2023-06-09,301.0
11243,5634,2023-06-10,610.0
1652,2570,2023-06-11,4103.0
13429,68,2023-06-11,1232.0
4396,460,2023-06-12,3964.0
18111,2960,2023-06-12,1500.0
2514,1947,2023-06-12,435.0
16359,3306,2023-06-13,844.0
8165,5305,2023-06-14,337.0
7697,435,2023-06-14,1500.0
16550,2305,2023-06-14,2024.0
15541,5337,2023-06-15,4795.0
16411,3119,2023-06-18,500.5
9833,2867,2023-06-18,2045.0
4042,4804,2023-06-19,4058.0
11698,5061,2023-06-19,1500.0
13789,1677,2023-06-19,500.5
18846,1170,2023-06-20,1723.0
17682,3244,2023-06-23,1500.0
1544,3326,2023-06-24,1500.0
6338,4151,2023-06-25,500.5
12259,1694,2023-06-25,1500.0
14514,1953,2023-06-26,500.5
3798,5107,2023-06-26,4208.0
19106,5861,2023-06-27,500.5
14567,4327,2023-06-27,1500.0
12140,5884,2023-06-28,1500.0
10159,756,2023-07-01,2343.0
4910,886,2023-07-01,656.0
19488,2931,2023-07-01,2849.0
804,5944,2023-07-04,500.5
11309,2902,2023-07-04,500.5
18555,3757,2023-07-04,438.0
8513,1649,2023-07-04,4486.0
4965,5788,2023-07-06,1500.0
9988,1810,2023-07-07,500.5
11460,237,2023-07-08,500.5
7575,2551,2023-07-08,1632.0
2585,3046,2023-07-09,858.0
18345,3874,2023-07-09,1500.0
9898,5557,2023-07-09,3109.0
5602,4683,2023-07-12,1500.0
18214,5188,2023-07-14,1574.0
5019,2548,2023-07-14,3982.0
2797,2546,2023-07-14,500.5
16986,1230,2023-07-15,500.5
2345,5605,2023-07-15,500.5
2655,2478,2023-07-16,1126.0
13357,2381,2023-07-17,610.0
1823,5800,2023-07-17,3010.0
1175,298,2023-07-20,3417.0
17751,5383,2023-07-20,500.5
1094,3208,2023-07-20,500.5
13067,1353,2023-07-20,4894.0
3465,4840,2023-07-21,3200.0
7769,2413,2023-07-21,2828.0
3790,5867,2023-07-23,500.5
15667,441,2023-07-23,1463.0
18973,3422,2023-07-25,1457.0
12666,2890,2023-07-25,2577.0
395,5898,2023-07-25,630.0
17837,980,2023-07-25,500.5
1357,3071,2023-07-27,1500.0
2017,5417,2023-07-28,4632.0
159,5180,2023-08-01,500.5
9419,2118,2023-08-01,1500.0
11023,2544,2023-08-01,1500.0
5864,3803,2023-08-03,1220.0
18652,1316,2023-08-05,2406.0
13770,2736,2023-08-05,3781.0
13290,4481,2023-08-06,500.5
8279,5213,2023-08-06,1500.0
16301,1165,2023-08-07,4863.0
13127,1934,2023-08-10,500.5
16472,3336,2023-08-10,3987.0
3052,578,2023-08-13,2067.0
7173,3894,2023-08-13,1500.0
15051,4763,2023-08-14,3149.0
6932,724,2023-08-14,1500.0
4925,835,2023-08-15,2573.0
8771,675,2023-08-15,3093.0
3460,1407,2023-08-16,3097.0
7687,1885,2023-08-16,1500.0
8481,5076,2023-08-20,1807.0
13186,1728,2023-08-20,4758.0
1770,762,2023-08-21,1157.0
12297,5696,2023-08-21,500.5
6345,4641,2023-08-21,4608.0
6855,1637,2023-08-21,1246.0
9133,2533,2023-08-22,500.5
7620,1640,2023-08-22,4220.0
9841,1440,2023-08-25,3159.0
11792,3518,2023-08-27,4779.0
2748,1231,2023-08-27,514.0
133,677,2023-08-28,1500.0
8729,4324,2023-08-30,500.5
7017,2680,2023-08-31,518.0
12673,4273,2023-08-31,3452.0
3812,4255,2023-08-31,1500.0
12162,5450,2023-08-31,500.5
12656,1028,2023-09-01,1500.0
3200,3746,2023-09-02,500.5
8505,5018,2023-09-03,1500.0
6644,3353,2023-09-05,1500.0
7804,2545,2023-09-05,1500.0
2360,2412,2023-09-07,4230.0
2814,724,2023-09-08,1500.0
13276,933,2023-09-08,500.5
6377,2820,2023-09-09,1500.0
17531,3622,2023-09-09,4816.0
4378,267,2023-09-09,1075.0
12358,4542,2023-09-11,3564.0
17696,4179,2023-09-11,1547.0
18733,1246,2023-09-12,2257.0
733,3911,2023-09-12,1500.0
5042,4557,2023-09-13,1189.0
11266,719,2023-09-14,500.5
13039,3297,2023-09-14,1500.0
18117,117,2023-09-17,500.5
10094,2361,2023-09-17,920.0
6159,5374,2023-09-18,948.0
15542,509,2023-09-19,1500.0
4796,109,2023-09-22,1998.0
13505,4867,2023-09-22,1500.0
10855,468,2023-09-23,3955.0
3188,5568,2023-09-26,3195.0
5351,1049,2023-09-27,500.5
13301,5561,2023-09-27,500.5
10928,117,2023-09-29,500.5
16209,4848,2023-09-29,1500.0
12923,1243,2023-09-30,500.5
6712,2361,2023-09-30,1500.0
19090,4890,2023-09-30,1500.0
6090,5653,2023-09-30,4422.0
15517,5967,2023-10-01,3141.0
7042,772,2023-10-03,2387.0
18270,869,2023-10-03,4073.0
18355,583,2023-10-03,3564.0
16962,1026,2023-10-04,500.5
7800,4984,2023-10-05,4236.0
2344,2008,2023-10-06,2118.0
5878,2453,2023-10-09,285.0
9413,740,2023-10-09,500.5
16439,2891,2023-10-09,2866.0
11065,3521,2023-10-09,4752.0
19138,3888,2023-10-10,1721.0
8874,182,2023-10-12,2056.0
8122,4217,2023-10-12,500.5
7313,1326,2023-10-12,3760.0
10439,3075,2023-10-12,180.0
5632,1320,2023-10-13,500.5
17920,3290,2023-10-13,500.5
15207,844,2023-10-14,4729.0
16985,4150,2023-10-14,1500.0
8521,299,2023-10-15,1500.0
15364,2150,2023-10-15,1500.0
13978,3993,2023-10-16,2274.0
1843,1000,2023-10-16,4910.0
5637,400,2023-10-16,500.5
5249,1997,2023-10-18,500.5
2411,5065,2023-10-18,2982.0
18201,3350,2023-10-19,1500.0
2562,1767,2023-10-19,500.5
14241,3679,2023-10-20,500.5
14376,5743,2023-10-20,500.5
16059,3447,2023-10-20,500.5
3339,2710,2023-10-20,3610.0
4569,652,2023-10-23,2724.0
16861,5745,2023-10-23,500.5
3103,298,2023-10-26,4409.0
17697,2119,2023-10-26,1500.0
4986,5015,2023-10-27,2713.0
11561,3030,2023-10-27,4248.0
15334,3991,2023-10-27,4361.0
12419,2650,2023-10-27,1998.0
18904,4363,2023-10-27,3204.0
767,1013,2023-10-28,602.0
5097,2844,2023-10-28,500.5
5555,5119,2023-10-30,2319.0
7975,2598,2023-10-30,1500.0
13590,1169,2023-10-31,1500.0
17135,2869,2023-11-01,1500.0
19750,3038,2023-11-01,1500.0
13912,4880,2023-11-02,1500.0
102,3386,2023-11-04,1500.0
5983,3784,2023-11-05,1500.0
6233,2262,2023-11-06,1249.0
17693,2435,2023-11-07,1992.0
18590,412,2023-11-08,500.5
4400,4887,2023-11-09,2419.0
16549,1568,2023-11-09,1500.0
5044,597,2023-11-10,4610.0
12737,2901,2023-11-10,1500.0
9732,4414,2023-11-13,4226.0
2111,5095,2023-11-14,500.5
18442,1620,2023-11-15,814.0
5300,5474,2023-11-15,3164.0
6428,1315,2023-11-15,1500.0
5660,1918,2023-11-16,500.5
4328,5846,2023-11-16,2591.0
3758,2265,2023-11-16,500.5
17362,1080,2023-11-19,1500.0
12327,2321,2023-11-19,4767.0
9112,5620,2023-11-19,500.5
18844,1106,2023-11-20,1500.0
8177,4895,2023-11-21,1500.0
3093,2671,2023-11-22,1601.0
11239,4377,2023-11-23,2853.0
6483,362,2023-11-25,1500.0
14542,2271,2023-11-25,500.5
7180,4801,2023-11-27,2875.0
19503,3916,2023-12-01,3554.0
3171,3334,2023-12-01,4848.0
3257,2908,2023-12-02,500.0
4639,4301,2023-12-02,1500.0
1306,3058,2023-12-03,500.5
2451,3187,2023-12-04,500.5
3642,3326,2023-12-07,996.0
12090,635,2023-12-07,2253.0
16243,5986,2023-12-08,3904.0
1319,4324,2023-12-09,2284.0
14144,853,2023-12-10,500.5
5452,276,2023-12-10,500.5
14752,5676,2023-12-11,500.5
19554,2390,2023-12-11,1500.0
11611,5475,2023-12-12,1453.0
18157,2131,2023-12-13,500.5
17567,1090,2023-12-13,1500.0
6430,1887,2023-12-14,4291.0
3070,3862,2023-12-15,1500.0
18378,5128,2023-12-15,500.5
9869,1696,2023-12-15,629.0
7515,2914,2023-12-16,1869.0
16778,2327,2023-12-17,383.0
15065,4912,2023-12-17,3074.0
12579,4297,2023-12-17,2213.0
8621,3753,2023-12-17,4441.0
11534,1358,2023-12-18,2786.0
18999,579,2023-12-18,1463.0
18081,4989,2023-12-19,500.5
8477,2485,2023-12-22,4578.0
19302,4926,2023-12-22,1500.0
4846,5945,2023-12-22,2914.0
12556,5309,2023-12-23,2318.0
11073,5238,2023-12-23,500.5
15346,2094,2023-12-23,500.5
6511,2346,2023-12-26,1638.0
16885,3994,2023-12-26,758.0
8385,5686,2023-12-28,500.5
4884,1883,2023-12-28,1500.0
4527,943,2023-12-29,4587.0
3169,586,2023-12-29,4371.0
4935,4484,2023-12-30,500.5
19976,4158,2023-12-30,2119.0
4762,4583,2023-12-31,3437.0
9664,4799,2024-01-01,500.5
5099,3328,2024-01-02,500.5
11689,2841,2024-01-02,3978.0
45,3476,2024-01-03,2140.0
12514,5439,2024-01-03,500.5
12034,2225,2024-01-05,500.5
7723,5065,2024-01-05,1205.0
15031,1941,2024-01-05,1500.0
17933,2676,2024-01-05,500.5
7967,5206,2024-01-07,1500.0
2203,1589,2024-01-07,500.5
13479,628,2024-01-08,3940.0
16670,4441,2024-01-10,500.5
4635,1274,2024-01-11,2217.0
6460,5944,2024-01-13,1217.0
15755,909,2024-01-15,2644.0
1536,1690,2024-01-15,500.5
3137,2297,2024-01-16,3833.0
995,4453,2024-01-17,4998.0
18900,2735,2024-01-18,137.0
6404,1357,2024-01-18,4077.0
16644,4442,2024-01-19,4599.0
16222,5873,2024-01-20,795.0
3424,5684,2024-01-22,2656.0
1364,1472,2024-01-23,1279.0
14974,3153,2024-01-23,3783.0
14350,3069,2024-01-23,4068.0
8348,1950,2024-01-24,3249.0
18256,3785,2024-01-25,1500.0
15813,3946,2024-01-25,500.5
418,2293,2024-01-26,1794.0
5812,3830,2024-01-27,1849.0
866,5943,2024-01-27,1500.0
3695,1898,2024-01-28,1878.0
8214,3287,2024-01-29,4393.0
3906,4301,2024-01-29,500.5
17678,2195,2024-01-29,500.5
11702,3804,2024-01-30,500.5
5712,4593,2024-01-30,2065.0
16339,3212,2024-01-31,2923.0
2976,2933,2024-01-31,3043.0
8518,82,2024-01-31,1429.0
4354,5269,2024-02-01,1500.0
8167,4088,2024-02-03,2596.0
15819,3094,2024-02-03,500.5
6221,3834,2024-02-04,2123.0
2856,5399,2024-02-04,500.5
11261,3442,2024-02-06,1207.0
5563,2557,2024-02-07,1500.0
8868,1667,2024-02-07,649.0
8162,4541,2024-02-08,3252.0
10431,1420,2024-02-09,2319.0
17810,2969,2024-02-13,4353.0
10617,315,2024-02-13,500.5
17453,5485,2024-02-14,1500.0
6679,526,2024-02-15,1500.0
5069,4288,2024-02-15,1477.0
17707,101,2024-02-16,1500.0
12081,1126,2024-02-16,1500.0
7393,4191,2024-02-16,1500.0
761,445,2024-02-18,500.5
14275,1230,2024-02-18,500.5
4183,4505,2024-02-19,2227.0
13491,5546,2024-02-19,1500.0
3761,480,2024-02-20,2105.0
18146,5961,2024-02-20,1500.0
18837,3848,2024-02-21,3149.0
12590,676,2024-02-22,1500.0
14516,28,2024-02-23,500.5
7714,1303,2024-02-23,3690.0
1599,4383,2024-02-23,500.5
11649,5494,2024-02-23,1081.0
2884,2545,2024-02-24,2749.0
5612,3614,2024-02-25,369.0
16464,5510,2024-02-25,1500.0
2822,56,2024-02-26,500.5
517,4703,2024-02-27,1500.0
15787,989,2024-02-27,1500.0
7351,5112,2024-02-28,1500.0
7295,65,2024-02-29,323.0
13901,3665,2024-03-01,1500.0
12610,264,2024-03-01,132.0
4830,3429,2024-03-01,2598.0
3310,1800,2024-03-03,1500.0
17243,5143,2024-03-05,2761.0
13094,5668,2024-03-06,4988.0
17719,2747,2024-03-06,1500.0
18648,1818,2024-03-07,2073.0
17347,5454,2024-03-07,4430.0
2429,5153,2024-03-08,4338.0
3386,4881,2024-03-08,4268.0
11947,2883,2024-03-09,4737.0
9394,5396,2024-03-09,3151.0
4095,1537,2024-03-09,2234.0
19748,799,2024-03-10,2452.0
8982,675,2024-03-10,500.5
16746,5736,2024-03-10,500.5
12415,4722,2024-03-11,1158.0
13239,3279,2024-03-11,1069.0
11303,1125,2024-03-11,4376.0
1172,5650,2024-03-12,3727.0
5503,2784,2024-03-12,1500.0
2894,4893,2024-03-14,3884.0
93,1257,2024-03-15,3129.0
13843,2279,2024-03-17,1500.0
10154,5524,2024-03-18,4176.0
15886,3071,2024-03-18,701.0
17181,5569,2024-03-19,500.5
4523,3059,2024-03-21,500.5
5751,4926,2024-03-21,3773.0
7837,270,2024-03-22,500.5
15871,3078,2024-03-22,3075.0
6131,4149,2024-03-22,500.5
10559,2043,2024-03-23,500.5
18206,1678,2024-03-23,1500.0
18244,780,2024-03-23,755.0
17333,5851,2024-03-24,500.5
18142,3793,2024-03-24,500.5
18913,3552,2024-03-24,1317.0
6095,5088,2024-03-25,1500.0
18266,2557,2024-03-26,500.5
14793,1429,2024-03-27,500.5
10500,2637,2024-03-28,3712.0
19158,4401,2024-03-29,4386.0
3069,1119,2024-03-29,220.0
7968,4345,2024-03-29,1500.0
12910,5319,2024-03-29,1500.0
18754,348,2024-03-29,500.5
939,2050,2024-03-30,1500.0
13711,5011,2024-03-31,4681.0
8968,2728,2024-03-31,1500.0
7263,2424,2024-04-05,3612.0
14319,5507,2024-04-06,500.5
14930,1726,2024-04-07,4946.0
14669,4071,2024-04-08,1623.0
7832,1610,2024-04-09,1500.0
13679,4365,2024-04-09,230.0
11673,1674,2024-04-11,3978.0
11374,4685,2024-04-11,2468.0
7538,1034,2024-04-14,3445.0
15866,5600,2024-04-15,3747.0
6989,4858,2024-04-15,1500.0
3472,1596,2024-04-16,1500.0
18975,1896,2024-04-17,4115.0
17042,5900,2024-04-18,4724.0
13114,164,2024-04-19,1500.0
17211,4738,2024-04-19,500.5
5628,1233,2024-04-19,4495.0
18387,3991,2024-04-21,3743.0
16727,5529,2024-04-21,809.0
2254,2696,2024-04-21,1500.0
9427,1717,2024-04-22,1500.0
11465,1354,2024-04-22,3043.0
3144,2327,2024-04-22,500.5
9576,5707,2024-04-23,500.5
14959,5885,2024-04-24,4927.0
14242,264,2024-04-26,1500.0
7338,3479,2024-04-27,1500.0
18377,5419,2024-04-28,500.5
466,3426,2024-04-28,1877.0
4645,1802,2024-04-28,1500.0
10854,2808,2024-04-29,1696.0
3515,5582,2024-04-29,500.5
625,1192,2024-04-29,617.0
9528,1428,2024-04-29,1700.0
18847,4090,2024-05-02,1500.0
3794,1085,2024-05-03,500.5
12313,2638,2024-05-03,500.5
9778,3200,2024-05-03,1500.0
1285,2206,2024-05-05,1500.0
4799,2821,2024-05-05,2806.0
12160,5037,2024-05-05,500.5
19879,5071,2024-05-06,398.0
6615,3455,2024-05-06,3165.0
17902,3536,2024-05-06,2985.0
8989,1634,2024-05-07,3248.0
19312,3381,2024-05-08,1409.0
3718,4534,2024-05-09,4937.0
8655,3956,2024-05-10,1500.0
5575,841,2024-05-10,1500.0
15881,5438,2024-05-10,500.5
6525,1223,2024-05-10,1500.0
2913,4068,2024-05-10,500.5
16028,4085,2024-05-12,500.5
3696,3802,2024-05-13,500.5
14859,1753,2024-05-13,3243.0
6336,4177,2024-05-13,4025.0
8234,907,2024-05-14,3791.0
729,4856,2024-05-14,1624.0
2037,5189,2024-05-14,4464.0
17924,4057,2024-05-16,1500.0
4915,2348,2024-05-17,819.0
13231,5874,2024-05-17,1500.0
14228,691,2024-05-17,2136.0
11637,644,2024-05-17,2197.0
11515,5246,2024-05-19,1500.0
828,5102,2024-05-19,1500.0
2746,4316,2024-05-20,1500.0
12777,3652,2024-05-20,1500.0
6020,3771,2024-05-21,500.5
18662,1902,2024-05-21,1500.0
2920,3449,2024-05-22,1500.0
4379,4811,2024-05-22,4242.0
19538,3669,2024-05-23,3668.0
8515,5438,2024-05-23,1500.0
4078,3773,2024-05-23,2626.0
15890,3894,2024-05-23,350.0
19134,2578,2024-05-23,2085.0
15193,3025,2024-05-23,4119.0
15302,4681,2024-05-24,2035.0
6461,5284,2024-05-24,257.0
1452,761,2024-05-25,4039.0
17503,2196,2024-05-25,3108.0
19990,1861,2024-05-26,500.5
12916,2429,2024-05-27,1500.0
17386,2318,2024-05-27,1568.0
342,5711,2024-05-27,500.5
5871,4050,2024-05-27,1500.0
7501,5057,2024-05-27,500.5
10321,2571,2024-05-28,4861.0
3271,4824,2024-05-30,261.0
16090,100,2024-05-30,1500.0
7885,4186,2024-05-30,500.5
12790,91,2024-05-31,2374.0
1622,1918,2024-06-02,1500.0
19389,607,2024-06-03,500.5
7914,3560,2024-06-04,3038.0
5824,11,2024-06-04,3491.0
5336,2683,2024-06-05,1500.0
5037,4420,2024-06-05,894.0
17927,575,2024-06-06,2565.0
6714,360,2024-06-06,500.5
4506,377,2024-06-08,500.5
5925,1105,2024-06-08,500.5
2144,2648,2024-06-09,500.5
4854,438,2024-06-09,500.5
2630,4066,2024-06-10,3987.0
12657,4139,2024-06-11,1500.0
3995,547,2024-06-11,2444.0
5016,5454,2024-06-12,2722.0
3127,2528,2024-06-13,124.0
6196,4038,2024-06-15,1500.0
2658,3436,2024-06-16,500.5
15657,5051,2024-06-16,763.0
19172,5143,2024-06-16,1500.0
12497,5798,2024-06-17,1500.0
3728,2697,2024-06-18,4132.0
10345,3073,2024-06-22,500.5
19966,1024,2024-06-22,2106.0
10739,4771,2024-06-23,1666.0
9896,5897,2024-06-24,1412.0
17589,1826,2024-06-25,1500.0
354,1169,2024-06-27,500.5
6076,891,2024-06-27,2954.0
19202,5037,2024-06-29,2931.0
7957,5382,2024-07-01,1738.0
10872,3672,2024-07-02,4270.0
1413,4645,2024-07-02,500.5
15687,1362,2024-07-03,1500.0
1135,5643,2024-07-04,1381.0
13292,2598,2024-07-04,127.0
12730,2444,2024-07-05,1500.0
8618,5130,2024-07-05,1500.0
1461,5088,2024-07-07,500.5
3091,5611,2024-07-07,1500.0
18761,5743,2024-07-08,4996.0
12183,223,2024-07-08,500.5
9966,5256,2024-07-08,3045.0
4612,3024,2024-07-08,2305.0
18888,4326,2024-07-09,662.0
14246,2735,2024-07-10,3055.0
76,2283,2024-07-12,3400.0
8154,989,2024-07-12,500.5
8367,2288,2024-07-12,500.5
18403,4519,2024-07-12,1500.0
9047,3337,2024-07-13,4868.0
10457,948,2024-07-13,3458.0
1653,1657,2024-07-14,2228.0
8971,801,2024-07-14,2976.0
9566,3820,2024-07-14,1500.0
11200,2076,2024-07-15,3287.0
9831,5074,2024-07-15,3301.0
6613,1467,2024-07-15,500.5
6126,5268,2024-07-15,500.5
17363,2647,2024-07-16,1500.0
16333,579,2024-07-17,811.0
14920,1652,2024-07-17,1500.0
17528,1864,2024-07-18,3481.0
6186,4875,2024-07-19,4019.0
11549,3880,2024-07-19,837.0
11769,5837,2024-07-20,3682.0
4893,4523,2024-07-21,1500.0
18282,5570,2024-07-21,744.0
9464,1165,2024-07-22,2031.0
17574,2070,2024-07-22,500.5
8578,1281,2024-07-23,1270.0
615,4489,2024-07-24,500.5
12221,2428,2024-07-26,2871.0
8459,3081,2024-07-28,1867.0
16042,5459,2024-07-28,3168.0
18494,872,2024-07-28,1864.0
4850,430,2024-07-28,1500.0
12173,3745,2024-07-31,2769.0
16239,841,2024-08-01,4739.0
17637,2451,2024-08-01,2898.0
7668,816,2024-08-02,1500.0
9560,4077,2024-08-02,180.0
5490,1900,2024-08-03,500.5
1558,5055,2024-08-05,500.5
8268,329,2024-08-07,972.0
10364,2667,2024-08-07,1500.0
6529,1561,2024-08-11,1500.0
11287,1151,2024-08-14,2864.0
7003,5305,2024-08-15,1500.0
6794,2006,2024-08-18,963.0
8074,2507,2024-08-19,4691.0
14905,1737,2024-08-19,500.5
6513,2032,2024-08-20,4656.0
784,3182,2024-08-20,2296.0
1075,4899,2024-08-21,3049.0
10831,4544,2024-08-22,500.5
14473,5172,2024-08-22,1601.0
17119,2487,2024-08-22,2761.0
2932,980,2024-08-23,3619.0
17359,4620,2024-08-24,1500.0
18984,754,2024-08-25,1500.0
16976,3329,2024-08-26,3153.0
1809,3786,2024-08-26,3746.0
1105,4673,2024-08-27,2049.0
3733,3133,2024-08-27,500.5
7572,603,2024-08-28,1500.0
9158,2706,2024-08-31,3385.0
686,4978,2024-08-31,1500.0
1254,4725,2024-09-01,140.0
3805,3669,2024-09-02,4387.0
9652,2728,2024-09-04,3098.0
8592,4292,2024-09-06,1500.0
8880,5978,2024-09-06,2951.0
11700,2206,2024-09-06,1572.0
7635,1788,2024-09-07,1913.0
18839,5685,2024-09-07,500.5
2327,4877,2024-09-09,500.5
297,2055,2024-09-09,845.0
8236,5690,2024-09-10,1500.0
4067,213,2024-09-10,1500.0
1390,5993,2024-09-12,3536.0
18684,1839,2024-09-12,1690.0
5665,3769,2024-09-13,1500.0
18085,4129,2024-09-13,759.0
17353,3332,2024-09-14,1500.0
19570,3416,2024-09-15,4380.0
5161,4680,2024-09-15,2612.0
408,4186,2024-09-15,3119.0
10287,1212,2024-09-15,1500.0
16485,2239,2024-09-16,500.5
3889,3104,2024-09-16,1500.0
6450,1440,2024-09-17,1500.0
17655,1298,2024-09-18,500.5
11446,2606,2024-09-19,1500.0
12893,2115,2024-09-20,2325.0
15683,3266,2024-09-20,1500.0
7899,705,2024-09-21,500.5
3933,1406,2024-09-21,882.0
15311,3498,2024-09-21,1500.0
8908,202,2024-09-22,3564.0
3881,4997,2024-09-22,1500.0
3374,4667,2024-09-26,1500.0
19698,683,2024-09-26,4848.0
3856,3633,2024-09-27,4424.0
8395,4623,2024-09-29,500.5
3715,3870,2024-09-29,500.5
10306,5525,2024-09-29,1500.0
4370,4083,2024-10-01,1757.0
4080,3202,2024-10-02,500.5
17930,2315,2024-10-02,500.5
19095,4561,2024-10-03,4499.0
19613,3060,2024-10-03,1500.0
5977,1732,2024-10-03,3548.0
12388,262,2024-10-06,500.5
703,5547,2024-10-07,1500.0
12741,5144,2024-10-07,1500.0
12624,2907,2024-10-08,2856.0
12875,1317,2024-10-11,1500.0
742,5900,2024-10-11,1500.0
5116,2709,2024-10-13,500.5
6361,1541,2024-10-15,500.5
18215,1927,2024-10-16,1491.0
704,2977,2024-10-16,124.0
82,5726,2024-10-16,1500.0
8369,281,2024-10-18,500.5
19494,4705,2024-10-19,1500.0
13740,382,2024-10-19,4579.0
14084,2870,2024-10-19,500.5
14498,4301,2024-10-21,3978.0
3716,19,2024-10-21,4091.0
15806,1315,2024-10-22,1936.0
919,3396,2024-10-23,500.5
2330,5213,2024-10-23,1500.0
2102,3989,2024-10-25,2319.0
17616,5299,2024-10-27,1500.0
12058,4512,2024-10-27,500.5
11119,5146,2024-10-27,4488.0
19029,4752,2024-10-28,1500.0
7928,872,2024-10-29,1500.0
15698,5795,2024-10-30,2678.0
15464,3633,2024-11-01,655.0
4628,3558,2024-11-02,344.0
8414,2608,2024-11-02,1500.0
10896,805,2024-11-02,1500.0
14393,1048,2024-11-03,1500.0
2448,5954,2024-11-04,470.0
889,1685,2024-11-04,1500.0
17856,115,2024-11-04,226.0
12437,1479,2024-11-04,2873.0
12689,1023,2024-11-05,500.5
12078,3254,2024-11-05,3390.0
12564,1267,2024-11-07,500.5
4595,1891,2024-11-09,1149.0
16252,801,2024-11-10,3200.0
9034,2648,2024-11-11,500.5
10624,4006,2024-11-12,1500.0
4670,3041,2024-11-12,500.5
11539,1170,2024-11-15,2074.0
12757,377,2024-11-15,1500.0
1575,3624,2024-11-17,500.5
3857,4915,2024-11-17,1500.0
16750,2799,2024-11-18,500.5
6093,1494,2024-11-20,1500.0
13579,425,2024-11-20,2273.0
3097,5704,2024-11-21,1500.0
10482,1860,2024-11-22,500.5
2284,4549,2024-11-22,622.0
15108,890,2024-11-24,3315.0
17226,1509,2024-11-24,1500.0
2936,3810,2024-11-27,1324.0
856,23,2024-11-28,1500.0
14927,4232,2024-11-28,1500.0
12539,2431,2024-12-01,1756.0
13402,3507,2024-12-02,3029.0
7243,2551,2024-12-03,1215.0
13059,3696,2024-12-04,1500.0
17797,5093,2024-12-04,500.5
11466,1698,2024-12-04,1500.0
4502,2329,2024-12-05,1500.0
15828,1938,2024-12-05,500.5
5840,2126,2024-12-07,1500.0
9688,5111,2024-12-08,968.0
3866,5434,2024-12-10,552.0
10484,3127,2024-12-10,1990.0
18135,1138,2024-12-10,1500.0
6085,5443,2024-12-10,1672.0
17882,4434,2024-12-11,1500.0
17373,2160,2024-12-12,673.0
19349,2084,2024-12-12,2883.0
15006,1887,2024-12-12,1325.0
1594,5939,2024-12-12,500.5
17556,2285,2024-12-13,1166.0
16819,343,2024-12-13,1500.0
10079,756,2024-12-13,1500.0
4302,1257,2024-12-14,4123.0
7909,5636,2024-12-14,3949.0
3574,1834,2024-12-16,500.5
17412,5502,2024-12-16,3156.0
10828,1939,2024-12-18,500.5
19374,5708,2024-12-18,500.5
61,3729,2024-12-19,2842.0
9024,3321,2024-12-20,1500.0
8272,1784,2024-12-20,2955.0
800,937,2024-12-21,1500.0
7352,5474,2024-12-22,1500.0
5280,5753,2024-12-22,4638.0
1368,5338,2024-12-23,687.0
8493,5353,2024-12-23,605.0
8924,4406,2024-12-23,3074.0
14369,4132,2024-12-23,2971.0
17301,599,2024-12-23,1500.0
17884,241,2024-12-23,500.5
18816,4646,2024-12-23,1500.0
15505,715,2024-12-24,4014.0
17071,4170,2024-12-25,664.0
8977,5283,2024-12-28,2798.0
12701,5283,2024-12-29,1500.0
2115,4884,2024-12-30,2219.0
12502,2040,2024-12-31,1500.0
